machine,modele,quantification,prompt,classe,n_caracteres,max_tokens,run,tokens,duree_s,energie_kWh,joules,joules_pmic,joules_pmic_cpu,w_moyen_pmic
Pi5,Gemma-3-1B,Q3_K_M,Does cognitive empathy exist?,court,29,16,1,16,1.05,2.6252770601450483e-06,9.5,4.8,3.2,5.33
Pi5,Gemma-3-1B,Q3_K_M,Does cognitive empathy exist?,court,29,16,2,16,1.05,2.6273195304094165e-06,9.5,4.8,3.2,5.28
Pi5,Gemma-3-1B,Q3_K_M,Does cognitive empathy exist?,court,29,16,3,16,1.12,2.731469799126126e-06,9.8,4.9,3.3,5.36
Pi5,Gemma-3-1B,Q3_K_M,Generate a movie review,court,23,16,1,16,1.08,2.6708326621896693e-06,9.6,4.9,3.2,5.4
Pi5,Gemma-3-1B,Q3_K_M,Generate a movie review,court,23,16,2,16,1.04,2.604895802407602e-06,9.4,4.7,3.1,5.15
Pi5,Gemma-3-1B,Q3_K_M,Generate a movie review,court,23,16,3,16,1.04,2.612029824908842e-06,9.4,5.0,3.4,5.52
Pi5,Gemma-3-1B,Q3_K_M,Identify popular dishes in Mexico.,court,34,16,1,16,1.07,2.6513318317589435e-06,9.5,5.0,3.5,5.51
Pi5,Gemma-3-1B,Q3_K_M,Identify popular dishes in Mexico.,court,34,16,2,16,1.08,2.660139441173486e-06,9.6,5.0,3.4,5.42
Pi5,Gemma-3-1B,Q3_K_M,Identify popular dishes in Mexico.,court,34,16,3,16,1.07,2.649941175742287e-06,9.5,5.1,3.5,5.56
Pi5,Gemma-3-1B,Q3_K_M,What is unique about a hyperbole?,court,33,16,1,16,1.08,2.666364275924303e-06,9.6,5.1,3.5,5.61
Pi5,Gemma-3-1B,Q3_K_M,What is unique about a hyperbole?,court,33,16,2,16,1.08,2.667544539554339e-06,9.6,4.8,3.2,5.35
Pi5,Gemma-3-1B,Q3_K_M,What is unique about a hyperbole?,court,33,16,3,16,1.07,2.6521859498477745e-06,9.5,5.2,3.6,5.76
Pi5,Gemma-3-1B,Q3_K_M,Write an emergency response plan,court,32,16,1,16,1.06,2.631077396312615e-06,9.5,4.9,3.4,5.41
Pi5,Gemma-3-1B,Q3_K_M,Write an emergency response plan,court,32,16,2,16,1.06,2.631612895191494e-06,9.5,4.8,3.3,5.33
Pi5,Gemma-3-1B,Q3_K_M,Write an emergency response plan,court,32,16,3,16,1.06,2.628755569190901e-06,9.5,4.9,3.4,5.44
Pi5,Gemma-3-1B,Q3_K_M,Generate a quiz about physics.,court,30,16,1,16,1.08,2.655394541659601e-06,9.6,5.8,4.0,5.71
Pi5,Gemma-3-1B,Q3_K_M,Generate a quiz about physics.,court,30,16,2,16,1.08,2.6579121230885887e-06,9.6,4.5,2.9,5.0
Pi5,Gemma-3-1B,Q3_K_M,Generate a quiz about physics.,court,30,16,3,16,1.06,2.63821116434178e-06,9.5,5.1,3.5,5.65
Pi5,Gemma-3-1B,Q3_K_M,Develop a metaphor for hope.,court,28,16,1,16,1.06,2.6413330245117192e-06,9.5,4.9,3.3,5.43
Pi5,Gemma-3-1B,Q3_K_M,Develop a metaphor for hope.,court,28,16,2,16,1.07,2.6528898180917707e-06,9.6,5.1,3.5,5.61
Pi5,Gemma-3-1B,Q3_K_M,Develop a metaphor for hope.,court,28,16,3,16,1.07,2.653082403490879e-06,9.6,5.0,3.3,5.47
Pi5,Gemma-3-1B,Q3_K_M,"Summarize the poem ""Beat! Beat! Drums!""",court,39,16,1,16,1.09,2.6724644435856167e-06,9.6,4.8,3.3,5.32
Pi5,Gemma-3-1B,Q3_K_M,"Summarize the poem ""Beat! Beat! Drums!""",court,39,16,2,16,1.1,2.686591116264108e-06,9.7,4.8,3.2,5.36
Pi5,Gemma-3-1B,Q3_K_M,"Summarize the poem ""Beat! Beat! Drums!""",court,39,16,3,16,1.11,2.7069174898842817e-06,9.7,5.6,3.9,5.58
Pi5,Gemma-3-1B,Q3_K_M,Describe the primary colors.,court,28,16,1,16,1.07,2.6472980800778375e-06,9.5,5.0,3.4,5.51
Pi5,Gemma-3-1B,Q3_K_M,Describe the primary colors.,court,28,16,2,16,1.05,2.6272854038413997e-06,9.5,5.0,3.4,5.51
Pi5,Gemma-3-1B,Q3_K_M,Describe the primary colors.,court,28,16,3,16,1.06,2.6304232197328926e-06,9.5,4.6,3.0,5.06
Pi5,Gemma-3-1B,Q3_K_M,Name two first aid treatments for a cut.,court,40,16,1,16,1.08,2.669843062797792e-06,9.6,5.1,3.3,5.04
Pi5,Gemma-3-1B,Q3_K_M,Name two first aid treatments for a cut.,court,40,16,2,16,1.08,2.6649990305494855e-06,9.6,5.1,3.4,5.65
Pi5,Gemma-3-1B,Q3_K_M,Name two first aid treatments for a cut.,court,40,16,3,16,1.09,2.6741266318154557e-06,9.6,4.7,3.1,5.18
Pi5,Gemma-3-1B,Q3_K_M,Write one sentence about handwashing.,court,37,16,1,16,1.07,2.6447451110207728e-06,9.5,4.6,3.0,5.06
Pi5,Gemma-3-1B,Q3_K_M,Write one sentence about handwashing.,court,37,16,2,16,1.07,2.649203047693315e-06,9.5,5.2,3.5,5.68
Pi5,Gemma-3-1B,Q3_K_M,Write one sentence about handwashing.,court,37,16,3,16,1.06,2.641618620210289e-06,9.5,5.0,3.3,5.44
Pi5,Gemma-3-1B,Q3_K_M,Who is Samantha Andrews?,court,24,16,1,16,1.05,2.622527356537177e-06,9.4,5.0,3.3,5.47
Pi5,Gemma-3-1B,Q3_K_M,Who is Samantha Andrews?,court,24,16,2,16,1.06,2.6342165420871023e-06,9.5,4.6,3.0,5.08
Pi5,Gemma-3-1B,Q3_K_M,Who is Samantha Andrews?,court,24,16,3,16,1.06,2.6326577679197325e-06,9.5,4.6,3.0,5.04
Pi5,Gemma-3-1B,Q3_K_M,What year did WW2 start?,court,24,16,1,16,1.08,2.6593836113460564e-06,9.6,5.2,3.5,5.62
Pi5,Gemma-3-1B,Q3_K_M,What year did WW2 start?,court,24,16,2,16,1.06,2.63645563771959e-06,9.5,4.8,3.2,5.33
Pi5,Gemma-3-1B,Q3_K_M,What year did WW2 start?,court,24,16,3,16,1.06,2.630858955776349e-06,9.5,5.0,3.2,4.98
Pi5,Gemma-3-1B,Q3_K_M,Give 10 features of the sun.,court,28,16,1,16,1.1,2.693213015582699e-06,9.7,4.8,3.1,5.23
Pi5,Gemma-3-1B,Q3_K_M,Give 10 features of the sun.,court,28,16,2,16,1.1,2.6888119175353777e-06,9.7,5.4,3.6,5.3
Pi5,Gemma-3-1B,Q3_K_M,Give 10 features of the sun.,court,28,16,3,16,1.1,2.6874943644715703e-06,9.7,5.3,3.6,5.28
Pi5,Gemma-3-1B,Q3_K_M,Write a mock newspaper headline.,court,32,16,1,16,1.07,2.6482677422204443e-06,9.5,5.2,3.4,5.68
Pi5,Gemma-3-1B,Q3_K_M,Write a mock newspaper headline.,court,32,16,2,16,1.07,2.649798537565406e-06,9.5,4.9,3.3,5.46
Pi5,Gemma-3-1B,Q3_K_M,Write a mock newspaper headline.,court,32,16,3,16,1.08,2.65591715923256e-06,9.6,5.3,3.5,5.24
Pi5,Gemma-3-1B,Q3_K_M,Create a data visualization of the latest COVID-19 cases in the US.,moyen,67,16,1,16,1.15,2.7672281444801965e-06,10.0,5.5,3.7,5.45
Pi5,Gemma-3-1B,Q3_K_M,Create a data visualization of the latest COVID-19 cases in the US.,moyen,67,16,2,16,1.16,2.7838997891413958e-06,10.0,6.2,4.2,5.49
Pi5,Gemma-3-1B,Q3_K_M,Create a data visualization of the latest COVID-19 cases in the US.,moyen,67,16,3,16,1.16,2.768564797446184e-06,10.0,5.7,3.8,5.03
Pi5,Gemma-3-1B,Q3_K_M,"Calculate the price after discount.
Regular price: $100, Discount: 15%",moyen,70,16,1,16,1.19,2.8443530929374418e-06,10.2,6.6,4.7,5.82
Pi5,Gemma-3-1B,Q3_K_M,"Calculate the price after discount.
Regular price: $100, Discount: 15%",moyen,70,16,2,16,1.2,2.8448904069595687e-06,10.2,6.8,5.0,6.03
Pi5,Gemma-3-1B,Q3_K_M,"Calculate the price after discount.
Regular price: $100, Discount: 15%",moyen,70,16,3,16,1.2,2.8473973939631093e-06,10.3,6.5,4.7,5.74
Pi5,Gemma-3-1B,Q3_K_M,"Parse the given sentence grammatically.
The small jar sat on the shelf.",moyen,71,16,1,16,1.16,2.780142203271749e-06,10.0,5.9,4.0,5.21
Pi5,Gemma-3-1B,Q3_K_M,"Parse the given sentence grammatically.
The small jar sat on the shelf.",moyen,71,16,2,16,1.26,2.918473624978137e-06,10.5,5.9,3.9,5.22
Pi5,Gemma-3-1B,Q3_K_M,"Parse the given sentence grammatically.
The small jar sat on the shelf.",moyen,71,16,3,16,1.16,2.7763954765813415e-06,10.0,5.9,4.0,5.24
Pi5,Gemma-3-1B,Q3_K_M,"Rewrite the given program in Java.
a = 4
b = 5
c = a + b
print(c)",moyen,65,16,1,16,1.25,2.9477426810938283e-06,10.6,6.7,4.8,5.88
Pi5,Gemma-3-1B,Q3_K_M,"Rewrite the given program in Java.
a = 4
b = 5
c = a + b
print(c)",moyen,65,16,2,16,1.26,2.9691274306664496e-06,10.7,6.9,4.9,5.6
Pi5,Gemma-3-1B,Q3_K_M,"Rewrite the given program in Java.
a = 4
b = 5
c = a + b
print(c)",moyen,65,16,3,16,1.26,2.9601378437227757e-06,10.7,6.2,4.4,5.48
Pi5,Gemma-3-1B,Q3_K_M,"Based on the input, provide the correct spelling of the word.
ambigious",moyen,71,16,1,8,0.71,2.1906942382016566e-06,7.9,3.6,2.5,5.28
Pi5,Gemma-3-1B,Q3_K_M,"Based on the input, provide the correct spelling of the word.
ambigious",moyen,71,16,2,8,0.72,2.1958562885492757e-06,7.9,3.4,2.3,5.05
Pi5,Gemma-3-1B,Q3_K_M,"Based on the input, provide the correct spelling of the word.
ambigious",moyen,71,16,3,8,0.71,2.192413608996552e-06,7.9,3.6,2.4,5.27
Pi5,Gemma-3-1B,Q3_K_M,Construct a query that returns information about the Eiffel Tower.,moyen,66,16,1,16,1.09,2.672935805965514e-06,9.6,5.0,3.4,5.55
Pi5,Gemma-3-1B,Q3_K_M,Construct a query that returns information about the Eiffel Tower.,moyen,66,16,2,16,1.09,2.674108049015612e-06,9.6,5.0,3.5,5.51
Pi5,Gemma-3-1B,Q3_K_M,Construct a query that returns information about the Eiffel Tower.,moyen,66,16,3,16,1.11,2.699660887308834e-06,9.7,5.0,3.4,5.57
Pi5,Gemma-3-1B,Q3_K_M,"Create a set from the given input and find its size.
[1, 2, 3, 2, 4, 2]",moyen,71,16,1,16,1.27,3.0027122581971175e-06,10.8,7.1,5.0,5.77
Pi5,Gemma-3-1B,Q3_K_M,"Create a set from the given input and find its size.
[1, 2, 3, 2, 4, 2]",moyen,71,16,2,16,1.27,3.0034944479134886e-06,10.8,6.5,4.6,5.74
Pi5,Gemma-3-1B,Q3_K_M,"Create a set from the given input and find its size.
[1, 2, 3, 2, 4, 2]",moyen,71,16,3,16,1.26,2.9719706361021406e-06,10.7,5.9,4.0,5.22
Pi5,Gemma-3-1B,Q3_K_M,"What are the different types of characters in the given play?
Macbeth",moyen,69,16,1,16,1.12,2.7176700342773056e-06,9.8,4.9,3.3,5.41
Pi5,Gemma-3-1B,Q3_K_M,"What are the different types of characters in the given play?
Macbeth",moyen,69,16,2,16,1.13,2.729184184249287e-06,9.8,4.9,3.3,5.46
Pi5,Gemma-3-1B,Q3_K_M,"What are the different types of characters in the given play?
Macbeth",moyen,69,16,3,16,1.27,3.008072927763035e-06,10.8,6.4,4.2,5.55
Pi5,Gemma-3-1B,Q3_K_M,"Find the x-intercept of the line given by the equation.
y = 4x + 10",moyen,67,16,1,16,1.19,2.838389578558811e-06,10.2,6.3,4.4,5.56
Pi5,Gemma-3-1B,Q3_K_M,"Find the x-intercept of the line given by the equation.
y = 4x + 10",moyen,67,16,2,16,1.21,2.864135869598121e-06,10.3,6.2,4.3,5.49
Pi5,Gemma-3-1B,Q3_K_M,"Find the x-intercept of the line given by the equation.
y = 4x + 10",moyen,67,16,3,16,1.21,2.873838344607712e-06,10.3,6.1,4.1,5.36
Pi5,Gemma-3-1B,Q3_K_M,"Identify the most suitable adverb for the following sentence
She works",moyen,70,16,1,16,1.11,2.7032192013812193e-06,9.7,5.1,3.5,5.64
Pi5,Gemma-3-1B,Q3_K_M,"Identify the most suitable adverb for the following sentence
She works",moyen,70,16,2,16,1.1,2.6863704224250313e-06,9.7,4.7,3.1,5.2
Pi5,Gemma-3-1B,Q3_K_M,"Identify the most suitable adverb for the following sentence
She works",moyen,70,16,3,16,1.11,2.703631269983516e-06,9.7,4.5,2.9,4.98
Pi5,Gemma-3-1B,Q3_K_M,"Generate a sentence using the words ""caffeine"", ""hunter"", and ""monday"".",moyen,71,16,1,16,1.16,2.7813148973937328e-06,10.0,6.0,3.9,5.25
Pi5,Gemma-3-1B,Q3_K_M,"Generate a sentence using the words ""caffeine"", ""hunter"", and ""monday"".",moyen,71,16,2,16,1.16,2.7815424929010177e-06,10.0,5.4,3.7,5.43
Pi5,Gemma-3-1B,Q3_K_M,"Generate a sentence using the words ""caffeine"", ""hunter"", and ""monday"".",moyen,71,16,3,16,1.16,2.7810746985098197e-06,10.0,5.4,3.4,4.78
Pi5,Gemma-3-1B,Q3_K_M,"Sort the given words from most to least serious
Sneeze, trip, shout",moyen,67,16,1,16,1.18,2.811937259636369e-06,10.1,5.7,3.7,5.01
Pi5,Gemma-3-1B,Q3_K_M,"Sort the given words from most to least serious
Sneeze, trip, shout",moyen,67,16,2,16,1.16,2.782842975196757e-06,10.0,6.1,4.2,5.43
Pi5,Gemma-3-1B,Q3_K_M,"Sort the given words from most to least serious
Sneeze, trip, shout",moyen,67,16,3,16,1.16,2.7848045307270174e-06,10.0,6.0,4.1,5.31
Pi5,Gemma-3-1B,Q3_K_M,Come up with at least 5 ways to use deep learning in healthcare.,moyen,64,16,1,16,1.12,2.7194339743484075e-06,9.8,4.8,3.2,5.28
Pi5,Gemma-3-1B,Q3_K_M,Come up with at least 5 ways to use deep learning in healthcare.,moyen,64,16,2,16,1.14,2.7522968282205647e-06,9.9,5.1,3.3,5.03
Pi5,Gemma-3-1B,Q3_K_M,Come up with at least 5 ways to use deep learning in healthcare.,moyen,64,16,3,16,1.16,2.7700344452416603e-06,10.0,5.9,3.9,5.21
Pi5,Gemma-3-1B,Q3_K_M,Describe the concept of artificial intelligence in your own words.,moyen,66,16,1,16,1.1,2.6926094870347238e-06,9.7,4.8,3.2,5.28
Pi5,Gemma-3-1B,Q3_K_M,Describe the concept of artificial intelligence in your own words.,moyen,66,16,2,16,1.1,2.6845902919896857e-06,9.7,5.3,3.6,5.23
Pi5,Gemma-3-1B,Q3_K_M,Describe the concept of artificial intelligence in your own words.,moyen,66,16,3,16,1.09,2.6806670165784555e-06,9.7,5.0,3.4,5.48
Pi5,Gemma-3-1B,Q3_K_M,Follow the given example and create a poem about a passionate sunset.,moyen,69,16,1,16,1.12,2.7257078502048125e-06,9.8,5.1,3.4,5.57
Pi5,Gemma-3-1B,Q3_K_M,Follow the given example and create a poem about a passionate sunset.,moyen,69,16,2,16,1.12,2.7258949979608792e-06,9.8,4.8,3.3,5.32
Pi5,Gemma-3-1B,Q3_K_M,Follow the given example and create a poem about a passionate sunset.,moyen,69,16,3,16,1.13,2.738577497385756e-06,9.9,5.0,3.4,5.53
Pi5,Gemma-3-1B,Q3_K_M,"Create three subheadings that could be used to divide the news article.
Tesla announced plans to develop a new battery technology that will increase the range of electric vehicles.",long,180,16,1,16,1.29,3.058348921748518e-06,11.0,6.6,4.6,5.75
Pi5,Gemma-3-1B,Q3_K_M,"Create three subheadings that could be used to divide the news article.
Tesla announced plans to develop a new battery technology that will increase the range of electric vehicles.",long,180,16,2,16,1.29,3.0439332890907542e-06,11.0,7.3,5.2,5.94
Pi5,Gemma-3-1B,Q3_K_M,"Create three subheadings that could be used to divide the news article.
Tesla announced plans to develop a new battery technology that will increase the range of electric vehicles.",long,180,16,3,16,1.29,3.048501462377496e-06,11.0,5.5,3.6,4.82
Pi5,Gemma-3-1B,Q3_K_M,"Given a string word and a dictionary of words, determine whether the word is a valid word.
String word: ""hello""
Dictionary of words: { ""hi"", ""bye"", ""hello"", ""world"" }",long,166,16,1,16,1.39,3.360716114467041e-06,12.1,7.4,5.1,5.4
Pi5,Gemma-3-1B,Q3_K_M,"Given a string word and a dictionary of words, determine whether the word is a valid word.
String word: ""hello""
Dictionary of words: { ""hi"", ""bye"", ""hello"", ""world"" }",long,166,16,2,16,1.38,3.336258571713379e-06,12.0,7.2,5.1,5.82
Pi5,Gemma-3-1B,Q3_K_M,"Given a string word and a dictionary of words, determine whether the word is a valid word.
String word: ""hello""
Dictionary of words: { ""hi"", ""bye"", ""hello"", ""world"" }",long,166,16,3,16,1.39,3.3556836490648834e-06,12.1,7.4,5.2,5.46
Pi5,Gemma-3-1B,Q3_K_M,"Given the following conditions, formulate a hypothesis.
Temperature, humidity, and precipitation levels are higher during the summer than the winter.",long,149,16,1,16,1.26,2.9708013149104756e-06,10.7,7.4,5.3,6.04
Pi5,Gemma-3-1B,Q3_K_M,"Given the following conditions, formulate a hypothesis.
Temperature, humidity, and precipitation levels are higher during the summer than the winter.",long,149,16,2,16,1.24,2.9253255678837364e-06,10.5,6.4,4.5,5.69
Pi5,Gemma-3-1B,Q3_K_M,"Given the following conditions, formulate a hypothesis.
Temperature, humidity, and precipitation levels are higher during the summer than the winter.",long,149,16,3,16,1.24,2.9324804587121145e-06,10.6,6.6,4.7,5.79
Pi5,Gemma-3-1B,Q3_K_M,"Make an assumption based on the following data.
90% of surveyed software developers work more than 8 hours a day, while only 10% work less than 8 hours a day",long,157,16,1,16,1.34,3.210138740904702e-06,11.6,6.3,4.4,5.55
Pi5,Gemma-3-1B,Q3_K_M,"Make an assumption based on the following data.
90% of surveyed software developers work more than 8 hours a day, while only 10% work less than 8 hours a day",long,157,16,2,16,1.34,3.1975146478360916e-06,11.5,5.9,4.0,5.21
Pi5,Gemma-3-1B,Q3_K_M,"Make an assumption based on the following data.
90% of surveyed software developers work more than 8 hours a day, while only 10% work less than 8 hours a day",long,157,16,3,16,1.35,3.2259331870190795e-06,11.6,6.7,4.8,5.95
Pi5,Gemma-3-1B,Q3_K_M,"Given the following details, write a short paragraph about a vacation destination.
Destination: Mexico 
Time of Year: Summer 
Activities: Swimming, fishing, snorkeling, zip-lining",long,179,16,1,16,1.33,3.161281134967986e-06,11.4,6.6,4.7,5.86
Pi5,Gemma-3-1B,Q3_K_M,"Given the following details, write a short paragraph about a vacation destination.
Destination: Mexico 
Time of Year: Summer 
Activities: Swimming, fishing, snorkeling, zip-lining",long,179,16,2,16,1.32,3.151480042527724e-06,11.3,7.1,5.0,5.75
Pi5,Gemma-3-1B,Q3_K_M,"Given the following details, write a short paragraph about a vacation destination.
Destination: Mexico 
Time of Year: Summer 
Activities: Swimming, fishing, snorkeling, zip-lining",long,179,16,3,16,1.34,3.1801666147438735e-06,11.4,6.5,4.6,5.7
Pi5,Gemma-3-1B,Q3_K_M,"Generate a random password with 8 characters containing at least one number, one special character, one capital letter and one lowercase letter.",long,144,16,1,16,1.24,2.952025181911861e-06,10.6,6.0,4.1,5.29
Pi5,Gemma-3-1B,Q3_K_M,"Generate a random password with 8 characters containing at least one number, one special character, one capital letter and one lowercase letter.",long,144,16,2,16,1.25,2.9482791420165893e-06,10.6,6.0,4.1,5.29
Pi5,Gemma-3-1B,Q3_K_M,"Generate a random password with 8 characters containing at least one number, one special character, one capital letter and one lowercase letter.",long,144,16,3,16,1.24,2.9254597785235856e-06,10.5,6.3,4.4,5.59
Pi5,Gemma-3-1B,Q3_K_M,"Edit the following to make it suitable for school-aged children.
Bob and Bill were arguing over who was the best player on the basketball team.",long,143,16,1,16,1.41,4.125794272195473e-06,14.9,7.5,5.2,5.5
Pi5,Gemma-3-1B,Q3_K_M,"Edit the following to make it suitable for school-aged children.
Bob and Bill were arguing over who was the best player on the basketball team.",long,143,16,2,16,1.26,2.9844527675643893e-06,10.7,6.2,4.4,5.5
Pi5,Gemma-3-1B,Q3_K_M,"Edit the following to make it suitable for school-aged children.
Bob and Bill were arguing over who was the best player on the basketball team.",long,143,16,3,16,1.26,2.9767206722868497e-06,10.7,6.5,4.6,5.76
Pi5,Gemma-3-1B,Q3_K_M,"Given a description of a situation, provide an appropriate ethical judgement.
A chef was not happy with the performance of a waiter, so he yelled and cursed at him in front of other people.",long,189,16,1,16,1.33,3.184823359138978e-06,11.5,7.4,5.3,5.99
Pi5,Gemma-3-1B,Q3_K_M,"Given a description of a situation, provide an appropriate ethical judgement.
A chef was not happy with the performance of a waiter, so he yelled and cursed at him in front of other people.",long,189,16,2,16,1.33,3.173326812181685e-06,11.4,6.0,4.1,5.32
Pi5,Gemma-3-1B,Q3_K_M,"Given a description of a situation, provide an appropriate ethical judgement.
A chef was not happy with the performance of a waiter, so he yelled and cursed at him in front of other people.",long,189,16,3,16,1.32,3.1410237081812465e-06,11.3,6.2,4.3,5.48
Pi5,Gemma-3-1B,Q3_K_M,"Rewrite this poem to make it more vivid and interesting.
Once I had a house
where I made a thousand memories
It served me well
but now I'm gone",long,143,16,1,16,1.3,3.084719821421082e-06,11.1,6.7,4.7,5.88
Pi5,Gemma-3-1B,Q3_K_M,"Rewrite this poem to make it more vivid and interesting.
Once I had a house
where I made a thousand memories
It served me well
but now I'm gone",long,143,16,2,16,1.31,3.105038485216524e-06,11.2,6.7,4.7,5.86
Pi5,Gemma-3-1B,Q3_K_M,"Rewrite this poem to make it more vivid and interesting.
Once I had a house
where I made a thousand memories
It served me well
but now I'm gone",long,143,16,3,16,1.3,3.078769295747472e-06,11.1,6.9,5.0,6.1
Pi5,Gemma-3-1B,Q3_K_M,"Categorize the following text into one of the genres: Comedy, Thriller, Romance, or Drama.
Two kids from very different backgrounds meet in summer camp and form an unlikely friendship.",long,184,16,1,16,1.33,3.1797622667677788e-06,11.4,6.7,4.8,5.95
Pi5,Gemma-3-1B,Q3_K_M,"Categorize the following text into one of the genres: Comedy, Thriller, Romance, or Drama.
Two kids from very different backgrounds meet in summer camp and form an unlikely friendship.",long,184,16,2,16,1.32,3.1485540836218478e-06,11.3,6.5,4.6,5.3
Pi5,Gemma-3-1B,Q3_K_M,"Categorize the following text into one of the genres: Comedy, Thriller, Romance, or Drama.
Two kids from very different backgrounds meet in summer camp and form an unlikely friendship.",long,184,16,3,16,1.36,3.2511578744149036e-06,11.7,7.2,5.1,5.82
Pi5,Gemma-3-1B,Q3_K_M,"Label the following news article as either ""Political"" or ""Entertainment""
Ansel Elgort and Gabrielle Union have both been cast in a new romantic summer movie to be released in 2022.",long,181,16,1,16,1.36,3.2814358565422757e-06,11.8,6.3,4.4,5.52
Pi5,Gemma-3-1B,Q3_K_M,"Label the following news article as either ""Political"" or ""Entertainment""
Ansel Elgort and Gabrielle Union have both been cast in a new romantic summer movie to be released in 2022.",long,181,16,2,16,1.39,3.36941129440313e-06,12.1,7.4,5.1,5.44
Pi5,Gemma-3-1B,Q3_K_M,"Label the following news article as either ""Political"" or ""Entertainment""
Ansel Elgort and Gabrielle Union have both been cast in a new romantic summer movie to be released in 2022.",long,181,16,3,16,1.35,3.2432594924764128e-06,11.7,6.9,4.8,5.59
Pi5,Gemma-3-1B,Q3_K_M,"Identify the sentence in the given paragraph that contains all the given words.
Words: happiness, life, strive 
Paragraph:
Living your best life means striving for happiness in all aspects of life. Happiness can be found in the small daily moments, but also through being content with what you have. You don’t need to struggle to be content. You just need to shift how you look at life in order to see the beauty that already exists.",long,433,16,1,16,1.77,4.315257973813294e-06,15.5,8.5,6.0,5.34
Pi5,Gemma-3-1B,Q3_K_M,"Identify the sentence in the given paragraph that contains all the given words.
Words: happiness, life, strive 
Paragraph:
Living your best life means striving for happiness in all aspects of life. Happiness can be found in the small daily moments, but also through being content with what you have. You don’t need to struggle to be content. You just need to shift how you look at life in order to see the beauty that already exists.",long,433,16,2,16,1.77,4.321178012145538e-06,15.6,10.2,7.7,6.4
Pi5,Gemma-3-1B,Q3_K_M,"Identify the sentence in the given paragraph that contains all the given words.
Words: happiness, life, strive 
Paragraph:
Living your best life means striving for happiness in all aspects of life. Happiness can be found in the small daily moments, but also through being content with what you have. You don’t need to struggle to be content. You just need to shift how you look at life in order to see the beauty that already exists.",long,433,16,3,16,1.76,4.3116795674643314e-06,15.5,9.6,7.1,6.05
Pi5,Gemma-3-1B,Q3_K_M,"Frame a one-sentence hypothesis given the following information.
The goal of the study is to analyze the impact of online learning platforms on student performance.",long,164,16,1,16,1.27,3.001434544035776e-06,10.8,6.8,4.6,5.51
Pi5,Gemma-3-1B,Q3_K_M,"Frame a one-sentence hypothesis given the following information.
The goal of the study is to analyze the impact of online learning platforms on student performance.",long,164,16,2,16,1.27,3.0153234026208855e-06,10.9,6.7,4.8,5.93
Pi5,Gemma-3-1B,Q3_K_M,"Frame a one-sentence hypothesis given the following information.
The goal of the study is to analyze the impact of online learning platforms on student performance.",long,164,16,3,16,1.29,3.1263314832047787e-06,11.3,6.6,4.8,5.84
Pi5,Gemma-3-1B,Q3_K_M,"Identify if the given sentence is a rhetorical question or not. Output 1 for rhetorical question, and 0 for not.
Are you out of your mind?",long,138,16,1,16,1.29,3.053314102859435e-06,11.0,6.4,4.4,5.63
Pi5,Gemma-3-1B,Q3_K_M,"Identify if the given sentence is a rhetorical question or not. Output 1 for rhetorical question, and 0 for not.
Are you out of your mind?",long,138,16,2,16,1.29,3.0605490420151775e-06,11.0,6.3,4.4,5.5
Pi5,Gemma-3-1B,Q3_K_M,"Identify if the given sentence is a rhetorical question or not. Output 1 for rhetorical question, and 0 for not.
Are you out of your mind?",long,138,16,3,16,1.29,3.0630988946853652e-06,11.0,6.6,4.6,5.78
Pi5,Gemma-3-1B,Q3_K_M,"Create a short news article summarizing the following information.
A new report from the World Health Organization suggests that mental health in adolescents is declining due to increased social media and technology use.",long,220,16,1,16,1.31,3.1099961904384406e-06,11.2,7.2,5.2,5.83
Pi5,Gemma-3-1B,Q3_K_M,"Create a short news article summarizing the following information.
A new report from the World Health Organization suggests that mental health in adolescents is declining due to increased social media and technology use.",long,220,16,2,16,1.33,3.15198156315271e-06,11.3,6.5,4.5,5.74
Pi5,Gemma-3-1B,Q3_K_M,"Create a short news article summarizing the following information.
A new report from the World Health Organization suggests that mental health in adolescents is declining due to increased social media and technology use.",long,220,16,3,16,1.32,3.129661214405439e-06,11.3,6.8,4.9,6.01
Pi5,Gemma-3-1B,Q3_K_M,Does cognitive empathy exist?,court,29,64,1,64,4.01,8.091380387957682e-06,29.1,21.4,14.5,5.62
Pi5,Gemma-3-1B,Q3_K_M,Does cognitive empathy exist?,court,29,64,2,64,4.0,8.543973523497537e-06,30.8,21.8,14.6,5.51
Pi5,Gemma-3-1B,Q3_K_M,Does cognitive empathy exist?,court,29,64,3,64,4.02,8.10234690141858e-06,29.2,21.3,14.5,5.55
Pi5,Gemma-3-1B,Q3_K_M,Generate a movie review,court,23,64,1,64,3.99,8.556884379464457e-06,30.8,21.7,14.8,5.65
Pi5,Gemma-3-1B,Q3_K_M,Generate a movie review,court,23,64,2,64,4.0,8.518504973988762e-06,30.7,21.9,14.9,5.56
Pi5,Gemma-3-1B,Q3_K_M,Generate a movie review,court,23,64,3,64,3.98,8.428657442096917e-06,30.3,21.2,14.3,5.55
Pi5,Gemma-3-1B,Q3_K_M,Identify popular dishes in Mexico.,court,34,64,1,64,4.05,8.187699722967207e-06,29.5,20.6,13.7,5.35
Pi5,Gemma-3-1B,Q3_K_M,Identify popular dishes in Mexico.,court,34,64,2,64,4.02,8.053926730594237e-06,29.0,21.7,14.8,5.59
Pi5,Gemma-3-1B,Q3_K_M,Identify popular dishes in Mexico.,court,34,64,3,64,4.03,8.113999352849305e-06,29.2,20.7,13.9,5.44
Pi5,Gemma-3-1B,Q3_K_M,What is unique about a hyperbole?,court,33,64,1,64,4.02,8.186538551066558e-06,29.5,22.2,15.1,5.63
Pi5,Gemma-3-1B,Q3_K_M,What is unique about a hyperbole?,court,33,64,2,64,4.05,8.108032525314288e-06,29.2,22.6,15.2,5.73
Pi5,Gemma-3-1B,Q3_K_M,What is unique about a hyperbole?,court,33,64,3,64,4.03,8.118402899128383e-06,29.2,21.3,14.4,5.41
Pi5,Gemma-3-1B,Q3_K_M,Write an emergency response plan,court,32,64,1,64,4.16,8.303732565594098e-06,29.9,21.8,14.8,5.53
Pi5,Gemma-3-1B,Q3_K_M,Write an emergency response plan,court,32,64,2,64,4.01,8.123850006130884e-06,29.2,21.6,14.7,5.62
Pi5,Gemma-3-1B,Q3_K_M,Write an emergency response plan,court,32,64,3,64,4.01,8.105638943797039e-06,29.2,21.4,14.4,5.44
Pi5,Gemma-3-1B,Q3_K_M,Generate a quiz about physics.,court,30,64,1,64,4.01,8.078275786116527e-06,29.1,21.5,14.6,5.59
Pi5,Gemma-3-1B,Q3_K_M,Generate a quiz about physics.,court,30,64,2,64,4.04,8.18952826965994e-06,29.5,21.9,14.8,5.55
Pi5,Gemma-3-1B,Q3_K_M,Generate a quiz about physics.,court,30,64,3,64,4.04,8.152480403928378e-06,29.3,22.1,15.0,5.65
Pi5,Gemma-3-1B,Q3_K_M,Develop a metaphor for hope.,court,28,64,1,64,4.04,8.175598093082353e-06,29.4,22.0,15.0,5.59
Pi5,Gemma-3-1B,Q3_K_M,Develop a metaphor for hope.,court,28,64,2,64,4.01,8.057162838198945e-06,29.0,21.4,14.6,5.58
Pi5,Gemma-3-1B,Q3_K_M,Develop a metaphor for hope.,court,28,64,3,64,4.05,8.171280130534399e-06,29.4,21.7,14.7,5.65
Pi5,Gemma-3-1B,Q3_K_M,"Summarize the poem ""Beat! Beat! Drums!""",court,39,64,1,64,4.04,8.131815486255894e-06,29.3,21.3,14.6,5.59
Pi5,Gemma-3-1B,Q3_K_M,"Summarize the poem ""Beat! Beat! Drums!""",court,39,64,2,64,4.04,8.17537471478103e-06,29.4,22.3,15.1,5.65
Pi5,Gemma-3-1B,Q3_K_M,"Summarize the poem ""Beat! Beat! Drums!""",court,39,64,3,64,4.1,8.442729223900312e-06,30.4,23.6,16.0,5.8
Pi5,Gemma-3-1B,Q3_K_M,Describe the primary colors.,court,28,64,1,64,4.0,8.504346742658812e-06,30.6,21.5,14.6,5.59
Pi5,Gemma-3-1B,Q3_K_M,Describe the primary colors.,court,28,64,2,64,4.03,8.158873250243355e-06,29.4,21.4,14.5,5.62
Pi5,Gemma-3-1B,Q3_K_M,Describe the primary colors.,court,28,64,3,64,4.0,8.09279788039663e-06,29.1,22.0,15.1,5.74
Pi5,Gemma-3-1B,Q3_K_M,Name two first aid treatments for a cut.,court,40,64,1,64,4.07,8.239717602463905e-06,29.7,22.1,14.8,5.47
Pi5,Gemma-3-1B,Q3_K_M,Name two first aid treatments for a cut.,court,40,64,2,64,4.02,8.088389332956216e-06,29.1,21.0,14.2,5.47
Pi5,Gemma-3-1B,Q3_K_M,Name two first aid treatments for a cut.,court,40,64,3,64,4.05,8.108630543434487e-06,29.2,21.4,14.3,5.43
Pi5,Gemma-3-1B,Q3_K_M,Write one sentence about handwashing.,court,37,64,1,37,2.4,5.29927073250992e-06,19.1,12.2,8.0,5.38
Pi5,Gemma-3-1B,Q3_K_M,Write one sentence about handwashing.,court,37,64,2,37,2.43,5.407740954518783e-06,19.5,12.4,8.3,5.49
Pi5,Gemma-3-1B,Q3_K_M,Write one sentence about handwashing.,court,37,64,3,37,2.41,5.369661654039151e-06,19.3,12.2,8.2,5.38
Pi5,Gemma-3-1B,Q3_K_M,Who is Samantha Andrews?,court,24,64,1,64,4.01,8.05241612720526e-06,29.0,20.5,13.6,5.36
Pi5,Gemma-3-1B,Q3_K_M,Who is Samantha Andrews?,court,24,64,2,64,4.0,8.452757126096752e-06,30.4,21.2,14.3,5.37
Pi5,Gemma-3-1B,Q3_K_M,Who is Samantha Andrews?,court,24,64,3,64,4.01,8.074381926079993e-06,29.1,21.3,14.5,5.55
Pi5,Gemma-3-1B,Q3_K_M,What year did WW2 start?,court,24,64,1,26,1.72,4.2327801288764295e-06,15.2,8.2,5.4,5.15
Pi5,Gemma-3-1B,Q3_K_M,What year did WW2 start?,court,24,64,2,26,1.73,4.254431530740941e-06,15.3,8.8,6.0,5.55
Pi5,Gemma-3-1B,Q3_K_M,What year did WW2 start?,court,24,64,3,26,1.74,4.237915695441861e-06,15.3,8.6,5.8,5.4
Pi5,Gemma-3-1B,Q3_K_M,Give 10 features of the sun.,court,28,64,1,64,4.05,8.132107252384667e-06,29.3,22.3,15.2,5.66
Pi5,Gemma-3-1B,Q3_K_M,Give 10 features of the sun.,court,28,64,2,64,4.04,8.172688074056146e-06,29.4,21.2,14.2,5.5
Pi5,Gemma-3-1B,Q3_K_M,Give 10 features of the sun.,court,28,64,3,64,4.05,8.130379912897362e-06,29.3,21.8,14.9,5.67
Pi5,Gemma-3-1B,Q3_K_M,Write a mock newspaper headline.,court,32,64,1,64,4.03,8.159043766297967e-06,29.4,21.2,14.3,5.56
Pi5,Gemma-3-1B,Q3_K_M,Write a mock newspaper headline.,court,32,64,2,64,4.03,8.127923905418444e-06,29.3,21.1,14.1,5.36
Pi5,Gemma-3-1B,Q3_K_M,Write a mock newspaper headline.,court,32,64,3,64,4.17,8.351838232803285e-06,30.1,22.5,15.2,5.5
Pi5,Gemma-3-1B,Q3_K_M,Create a data visualization of the latest COVID-19 cases in the US.,moyen,67,64,1,64,4.09,8.24058306385564e-06,29.7,22.0,14.8,5.4
Pi5,Gemma-3-1B,Q3_K_M,Create a data visualization of the latest COVID-19 cases in the US.,moyen,67,64,2,64,4.09,8.237155254760178e-06,29.7,21.3,13.9,5.27
Pi5,Gemma-3-1B,Q3_K_M,Create a data visualization of the latest COVID-19 cases in the US.,moyen,67,64,3,64,4.07,8.164585119105997e-06,29.4,21.6,14.6,5.53
Pi5,Gemma-3-1B,Q3_K_M,"Calculate the price after discount.
Regular price: $100, Discount: 15%",moyen,70,64,1,49,3.25,6.680067285867554e-06,24.0,17.6,11.9,5.57
Pi5,Gemma-3-1B,Q3_K_M,"Calculate the price after discount.
Regular price: $100, Discount: 15%",moyen,70,64,2,49,3.27,6.748627942481508e-06,24.3,18.2,12.3,5.74
Pi5,Gemma-3-1B,Q3_K_M,"Calculate the price after discount.
Regular price: $100, Discount: 15%",moyen,70,64,3,49,3.26,6.7072952174443315e-06,24.1,16.4,11.0,5.38
Pi5,Gemma-3-1B,Q3_K_M,"Parse the given sentence grammatically.
The small jar sat on the shelf.",moyen,71,64,1,64,4.1,8.236718054306653e-06,29.7,21.6,14.6,5.47
Pi5,Gemma-3-1B,Q3_K_M,"Parse the given sentence grammatically.
The small jar sat on the shelf.",moyen,71,64,2,64,4.09,8.252366820886305e-06,29.7,23.4,16.0,5.75
Pi5,Gemma-3-1B,Q3_K_M,"Parse the given sentence grammatically.
The small jar sat on the shelf.",moyen,71,64,3,64,4.1,8.239533718778872e-06,29.7,23.3,15.8,5.74
Pi5,Gemma-3-1B,Q3_K_M,"Rewrite the given program in Java.
a = 4
b = 5
c = a + b
print(c)",moyen,65,64,1,64,4.2,8.407623733800086e-06,30.3,23.2,16.0,5.71
Pi5,Gemma-3-1B,Q3_K_M,"Rewrite the given program in Java.
a = 4
b = 5
c = a + b
print(c)",moyen,65,64,2,64,4.18,8.374655382733092e-06,30.1,22.6,15.3,5.56
Pi5,Gemma-3-1B,Q3_K_M,"Rewrite the given program in Java.
a = 4
b = 5
c = a + b
print(c)",moyen,65,64,3,64,4.19,8.454521353935738e-06,30.4,23.1,15.7,5.57
Pi5,Gemma-3-1B,Q3_K_M,"Based on the input, provide the correct spelling of the word.
ambigious",moyen,71,64,1,8,0.81,2.3121925714563114e-06,8.3,3.2,2.0,4.65
Pi5,Gemma-3-1B,Q3_K_M,"Based on the input, provide the correct spelling of the word.
ambigious",moyen,71,64,2,8,0.71,2.187939467202745e-06,7.9,3.7,2.5,5.43
Pi5,Gemma-3-1B,Q3_K_M,"Based on the input, provide the correct spelling of the word.
ambigious",moyen,71,64,3,8,0.71,2.1918096026850652e-06,7.9,3.8,2.5,5.53
Pi5,Gemma-3-1B,Q3_K_M,Construct a query that returns information about the Eiffel Tower.,moyen,66,64,1,64,4.06,8.224696482839258e-06,29.6,21.5,14.5,5.45
Pi5,Gemma-3-1B,Q3_K_M,Construct a query that returns information about the Eiffel Tower.,moyen,66,64,2,64,4.07,8.167451237586486e-06,29.4,22.6,15.5,5.73
Pi5,Gemma-3-1B,Q3_K_M,Construct a query that returns information about the Eiffel Tower.,moyen,66,64,3,64,4.06,8.14852226932196e-06,29.3,20.7,13.9,5.37
Pi5,Gemma-3-1B,Q3_K_M,"Create a set from the given input and find its size.
[1, 2, 3, 2, 4, 2]",moyen,71,64,1,64,4.19,8.346496911710873e-06,30.0,23.4,16.1,5.76
Pi5,Gemma-3-1B,Q3_K_M,"Create a set from the given input and find its size.
[1, 2, 3, 2, 4, 2]",moyen,71,64,2,64,4.18,8.358871001812692e-06,30.1,23.2,15.9,5.71
Pi5,Gemma-3-1B,Q3_K_M,"Create a set from the given input and find its size.
[1, 2, 3, 2, 4, 2]",moyen,71,64,3,64,4.22,8.542725614519676e-06,30.8,22.4,15.0,5.52
Pi5,Gemma-3-1B,Q3_K_M,"What are the different types of characters in the given play?
Macbeth",moyen,69,64,1,64,4.07,8.185791251128497e-06,29.5,21.6,14.6,5.47
Pi5,Gemma-3-1B,Q3_K_M,"What are the different types of characters in the given play?
Macbeth",moyen,69,64,2,64,4.06,8.174746435565857e-06,29.4,21.1,14.2,5.5
Pi5,Gemma-3-1B,Q3_K_M,"What are the different types of characters in the given play?
Macbeth",moyen,69,64,3,64,4.12,8.272498202215935e-06,29.8,23.1,15.8,5.67
Pi5,Gemma-3-1B,Q3_K_M,"Find the x-intercept of the line given by the equation.
y = 4x + 10",moyen,67,64,1,64,4.13,8.248970325732105e-06,29.7,22.4,15.1,5.5
Pi5,Gemma-3-1B,Q3_K_M,"Find the x-intercept of the line given by the equation.
y = 4x + 10",moyen,67,64,2,64,4.12,8.243687665493583e-06,29.7,23.0,15.6,5.65
Pi5,Gemma-3-1B,Q3_K_M,"Find the x-intercept of the line given by the equation.
y = 4x + 10",moyen,67,64,3,64,4.17,8.391943590641432e-06,30.2,21.9,14.8,5.54
Pi5,Gemma-3-1B,Q3_K_M,"Identify the most suitable adverb for the following sentence
She works",moyen,70,64,1,64,4.05,8.16012205041901e-06,29.4,20.3,13.5,5.3
Pi5,Gemma-3-1B,Q3_K_M,"Identify the most suitable adverb for the following sentence
She works",moyen,70,64,2,64,4.06,8.25912186023474e-06,29.7,22.3,15.2,5.64
Pi5,Gemma-3-1B,Q3_K_M,"Identify the most suitable adverb for the following sentence
She works",moyen,70,64,3,64,4.07,8.189243533650759e-06,29.5,22.1,14.9,5.48
Pi5,Gemma-3-1B,Q3_K_M,"Generate a sentence using the words ""caffeine"", ""hunter"", and ""monday"".",moyen,71,64,1,42,2.8,6.2779452907000145e-06,22.6,15.0,10.1,5.58
Pi5,Gemma-3-1B,Q3_K_M,"Generate a sentence using the words ""caffeine"", ""hunter"", and ""monday"".",moyen,71,64,2,42,2.8,6.258657695702398e-06,22.5,15.2,10.4,5.62
Pi5,Gemma-3-1B,Q3_K_M,"Generate a sentence using the words ""caffeine"", ""hunter"", and ""monday"".",moyen,71,64,3,42,2.78,6.23906378910197e-06,22.5,15.4,10.6,5.69
Pi5,Gemma-3-1B,Q3_K_M,"Sort the given words from most to least serious
Sneeze, trip, shout",moyen,67,64,1,64,4.12,8.24540634788087e-06,29.7,23.0,15.6,5.69
Pi5,Gemma-3-1B,Q3_K_M,"Sort the given words from most to least serious
Sneeze, trip, shout",moyen,67,64,2,64,4.09,8.245666748450653e-06,29.7,22.0,14.9,5.57
Pi5,Gemma-3-1B,Q3_K_M,"Sort the given words from most to least serious
Sneeze, trip, shout",moyen,67,64,3,64,4.11,8.25392703694327e-06,29.7,22.3,15.0,5.48
Pi5,Gemma-3-1B,Q3_K_M,Come up with at least 5 ways to use deep learning in healthcare.,moyen,64,64,1,64,4.08,8.32578898928046e-06,30.0,21.3,14.4,5.41
Pi5,Gemma-3-1B,Q3_K_M,Come up with at least 5 ways to use deep learning in healthcare.,moyen,64,64,2,64,4.07,8.284751557740133e-06,29.8,22.4,15.3,5.68
Pi5,Gemma-3-1B,Q3_K_M,Come up with at least 5 ways to use deep learning in healthcare.,moyen,64,64,3,64,4.09,8.272201781245453e-06,29.8,22.2,15.0,5.45
Pi5,Gemma-3-1B,Q3_K_M,Describe the concept of artificial intelligence in your own words.,moyen,66,64,1,64,4.04,8.166094681850816e-06,29.4,21.7,14.8,5.65
Pi5,Gemma-3-1B,Q3_K_M,Describe the concept of artificial intelligence in your own words.,moyen,66,64,2,64,4.03,8.097059820310493e-06,29.1,21.9,15.0,5.7
Pi5,Gemma-3-1B,Q3_K_M,Describe the concept of artificial intelligence in your own words.,moyen,66,64,3,64,4.06,8.16386837556067e-06,29.4,20.9,14.1,5.44
Pi5,Gemma-3-1B,Q3_K_M,Follow the given example and create a poem about a passionate sunset.,moyen,69,64,1,64,4.06,8.199337359802851e-06,29.5,22.2,15.0,5.63
Pi5,Gemma-3-1B,Q3_K_M,Follow the given example and create a poem about a passionate sunset.,moyen,69,64,2,64,4.08,8.19190894838172e-06,29.5,22.8,15.6,5.64
Pi5,Gemma-3-1B,Q3_K_M,Follow the given example and create a poem about a passionate sunset.,moyen,69,64,3,64,4.07,8.1603929163217e-06,29.4,22.3,15.2,5.66
Pi5,Gemma-3-1B,Q3_K_M,"Create three subheadings that could be used to divide the news article.
Tesla announced plans to develop a new battery technology that will increase the range of electric vehicles.",long,180,64,1,64,4.26,8.554178439112275e-06,30.8,23.2,15.9,5.7
Pi5,Gemma-3-1B,Q3_K_M,"Create three subheadings that could be used to divide the news article.
Tesla announced plans to develop a new battery technology that will increase the range of electric vehicles.",long,180,64,2,64,4.23,8.511464763677527e-06,30.6,22.9,15.6,5.61
Pi5,Gemma-3-1B,Q3_K_M,"Create three subheadings that could be used to divide the news article.
Tesla announced plans to develop a new battery technology that will increase the range of electric vehicles.",long,180,64,3,64,4.21,8.48409707099898e-06,30.5,22.2,14.8,5.32
Pi5,Gemma-3-1B,Q3_K_M,"Given a string word and a dictionary of words, determine whether the word is a valid word.
String word: ""hello""
Dictionary of words: { ""hi"", ""bye"", ""hello"", ""world"" }",long,166,64,1,64,4.38,9.004753834900454e-06,32.4,24.3,16.9,5.65
Pi5,Gemma-3-1B,Q3_K_M,"Given a string word and a dictionary of words, determine whether the word is a valid word.
String word: ""hello""
Dictionary of words: { ""hi"", ""bye"", ""hello"", ""world"" }",long,166,64,2,64,4.32,8.739381276060676e-06,31.5,23.5,16.1,5.64
Pi5,Gemma-3-1B,Q3_K_M,"Given a string word and a dictionary of words, determine whether the word is a valid word.
String word: ""hello""
Dictionary of words: { ""hi"", ""bye"", ""hello"", ""world"" }",long,166,64,3,64,4.33,8.735653172862436e-06,31.4,24.8,17.2,5.82
Pi5,Gemma-3-1B,Q3_K_M,"Given the following conditions, formulate a hypothesis.
Temperature, humidity, and precipitation levels are higher during the summer than the winter.",long,149,64,1,64,4.18,8.408924176491694e-06,30.3,23.3,16.1,5.73
Pi5,Gemma-3-1B,Q3_K_M,"Given the following conditions, formulate a hypothesis.
Temperature, humidity, and precipitation levels are higher during the summer than the winter.",long,149,64,2,64,4.19,8.460488212994627e-06,30.5,23.1,15.7,5.54
Pi5,Gemma-3-1B,Q3_K_M,"Given the following conditions, formulate a hypothesis.
Temperature, humidity, and precipitation levels are higher during the summer than the winter.",long,149,64,3,64,4.16,8.313824244881518e-06,29.9,22.5,15.4,5.56
Pi5,Gemma-3-1B,Q3_K_M,"Make an assumption based on the following data.
90% of surveyed software developers work more than 8 hours a day, while only 10% work less than 8 hours a day",long,157,64,1,64,4.3,8.709821635144076e-06,31.4,24.2,16.5,5.66
Pi5,Gemma-3-1B,Q3_K_M,"Make an assumption based on the following data.
90% of surveyed software developers work more than 8 hours a day, while only 10% work less than 8 hours a day",long,157,64,2,64,4.28,8.61169448824726e-06,31.0,23.4,16.2,5.76
Pi5,Gemma-3-1B,Q3_K_M,"Make an assumption based on the following data.
90% of surveyed software developers work more than 8 hours a day, while only 10% work less than 8 hours a day",long,157,64,3,64,4.28,8.5852315681067e-06,30.9,23.2,16.1,5.71
Pi5,Gemma-3-1B,Q3_K_M,"Given the following details, write a short paragraph about a vacation destination.
Destination: Mexico 
Time of Year: Summer 
Activities: Swimming, fishing, snorkeling, zip-lining",long,179,64,1,64,4.29,8.662074703109846e-06,31.2,23.5,16.1,5.64
Pi5,Gemma-3-1B,Q3_K_M,"Given the following details, write a short paragraph about a vacation destination.
Destination: Mexico 
Time of Year: Summer 
Activities: Swimming, fishing, snorkeling, zip-lining",long,179,64,2,64,4.32,8.702295234562836e-06,31.3,24.0,16.3,5.58
Pi5,Gemma-3-1B,Q3_K_M,"Given the following details, write a short paragraph about a vacation destination.
Destination: Mexico 
Time of Year: Summer 
Activities: Swimming, fishing, snorkeling, zip-lining",long,179,64,3,64,4.26,8.587159728098936e-06,30.9,22.2,15.0,5.46
Pi5,Gemma-3-1B,Q3_K_M,"Generate a random password with 8 characters containing at least one number, one special character, one capital letter and one lowercase letter.",long,144,64,1,64,4.19,8.393193032104214e-06,30.2,23.9,16.4,5.73
Pi5,Gemma-3-1B,Q3_K_M,"Generate a random password with 8 characters containing at least one number, one special character, one capital letter and one lowercase letter.",long,144,64,2,64,4.18,8.401148715114076e-06,30.2,23.3,16.1,5.74
Pi5,Gemma-3-1B,Q3_K_M,"Generate a random password with 8 characters containing at least one number, one special character, one capital letter and one lowercase letter.",long,144,64,3,64,4.32,8.705743668099298e-06,31.3,24.1,16.6,5.66
Pi5,Gemma-3-1B,Q3_K_M,"Edit the following to make it suitable for school-aged children.
Bob and Bill were arguing over who was the best player on the basketball team.",long,143,64,1,64,4.23,8.470908543593991e-06,30.5,23.4,16.1,5.61
Pi5,Gemma-3-1B,Q3_K_M,"Edit the following to make it suitable for school-aged children.
Bob and Bill were arguing over who was the best player on the basketball team.",long,143,64,2,64,4.23,8.512368855479129e-06,30.6,22.7,15.5,5.58
Pi5,Gemma-3-1B,Q3_K_M,"Edit the following to make it suitable for school-aged children.
Bob and Bill were arguing over who was the best player on the basketball team.",long,143,64,3,64,4.19,8.418999901206124e-06,30.3,24.0,16.7,5.76
Pi5,Gemma-3-1B,Q3_K_M,"Given a description of a situation, provide an appropriate ethical judgement.
A chef was not happy with the performance of a waiter, so he yelled and cursed at him in front of other people.",long,189,64,1,64,4.3,8.631679674638696e-06,31.1,22.7,15.4,5.44
Pi5,Gemma-3-1B,Q3_K_M,"Given a description of a situation, provide an appropriate ethical judgement.
A chef was not happy with the performance of a waiter, so he yelled and cursed at him in front of other people.",long,189,64,2,64,4.29,8.600896329842985e-06,31.0,24.1,16.8,5.73
Pi5,Gemma-3-1B,Q3_K_M,"Given a description of a situation, provide an appropriate ethical judgement.
A chef was not happy with the performance of a waiter, so he yelled and cursed at him in front of other people.",long,189,64,3,64,4.26,8.5655951191326e-06,30.8,24.1,16.8,5.79
Pi5,Gemma-3-1B,Q3_K_M,"Rewrite this poem to make it more vivid and interesting.
Once I had a house
where I made a thousand memories
It served me well
but now I'm gone",long,143,64,1,64,4.29,8.673050754392218e-06,31.2,24.4,16.7,5.71
Pi5,Gemma-3-1B,Q3_K_M,"Rewrite this poem to make it more vivid and interesting.
Once I had a house
where I made a thousand memories
It served me well
but now I'm gone",long,143,64,2,64,4.24,8.490886471622716e-06,30.6,21.0,13.8,5.2
Pi5,Gemma-3-1B,Q3_K_M,"Rewrite this poem to make it more vivid and interesting.
Once I had a house
where I made a thousand memories
It served me well
but now I'm gone",long,143,64,3,64,4.25,8.546306020751341e-06,30.8,23.6,16.4,5.8
Pi5,Gemma-3-1B,Q3_K_M,"Categorize the following text into one of the genres: Comedy, Thriller, Romance, or Drama.
Two kids from very different backgrounds meet in summer camp and form an unlikely friendship.",long,184,64,1,49,3.44,7.344202923330969e-06,26.4,19.1,13.2,5.64
Pi5,Gemma-3-1B,Q3_K_M,"Categorize the following text into one of the genres: Comedy, Thriller, Romance, or Drama.
Two kids from very different backgrounds meet in summer camp and form an unlikely friendship.",long,184,64,2,49,3.41,7.1883064870417e-06,25.9,19.7,13.7,5.81
Pi5,Gemma-3-1B,Q3_K_M,"Categorize the following text into one of the genres: Comedy, Thriller, Romance, or Drama.
Two kids from very different backgrounds meet in summer camp and form an unlikely friendship.",long,184,64,3,49,3.44,7.331646098500325e-06,26.4,19.7,13.7,5.81
Pi5,Gemma-3-1B,Q3_K_M,"Label the following news article as either ""Political"" or ""Entertainment""
Ansel Elgort and Gabrielle Union have both been cast in a new romantic summer movie to be released in 2022.",long,181,64,1,64,4.34,8.826824447708816e-06,31.8,23.8,16.3,5.59
Pi5,Gemma-3-1B,Q3_K_M,"Label the following news article as either ""Political"" or ""Entertainment""
Ansel Elgort and Gabrielle Union have both been cast in a new romantic summer movie to be released in 2022.",long,181,64,2,64,4.32,8.720587259934806e-06,31.4,22.1,15.0,5.46
Pi5,Gemma-3-1B,Q3_K_M,"Label the following news article as either ""Political"" or ""Entertainment""
Ansel Elgort and Gabrielle Union have both been cast in a new romantic summer movie to be released in 2022.",long,181,64,3,64,4.43,1.015609025884649e-05,36.6,25.3,17.5,5.75
Pi5,Gemma-3-1B,Q3_K_M,"Identify the sentence in the given paragraph that contains all the given words.
Words: happiness, life, strive 
Paragraph:
Living your best life means striving for happiness in all aspects of life. Happiness can be found in the small daily moments, but also through being content with what you have. You don’t need to struggle to be content. You just need to shift how you look at life in order to see the beauty that already exists.",long,433,64,1,64,4.73,9.877146366662326e-06,35.6,26.7,18.8,5.77
Pi5,Gemma-3-1B,Q3_K_M,"Identify the sentence in the given paragraph that contains all the given words.
Words: happiness, life, strive 
Paragraph:
Living your best life means striving for happiness in all aspects of life. Happiness can be found in the small daily moments, but also through being content with what you have. You don’t need to struggle to be content. You just need to shift how you look at life in order to see the beauty that already exists.",long,433,64,2,64,4.74,9.923451948605838e-06,35.7,28.1,20.0,5.96
Pi5,Gemma-3-1B,Q3_K_M,"Identify the sentence in the given paragraph that contains all the given words.
Words: happiness, life, strive 
Paragraph:
Living your best life means striving for happiness in all aspects of life. Happiness can be found in the small daily moments, but also through being content with what you have. You don’t need to struggle to be content. You just need to shift how you look at life in order to see the beauty that already exists.",long,433,64,3,64,4.7,9.842790402784522e-06,35.4,26.8,19.0,5.75
Pi5,Gemma-3-1B,Q3_K_M,"Frame a one-sentence hypothesis given the following information.
The goal of the study is to analyze the impact of online learning platforms on student performance.",long,164,64,1,64,4.2,8.459989026667033e-06,30.5,23.2,15.8,5.7
Pi5,Gemma-3-1B,Q3_K_M,"Frame a one-sentence hypothesis given the following information.
The goal of the study is to analyze the impact of online learning platforms on student performance.",long,164,64,2,64,4.2,8.388293554752668e-06,30.2,22.4,15.2,5.55
Pi5,Gemma-3-1B,Q3_K_M,"Frame a one-sentence hypothesis given the following information.
The goal of the study is to analyze the impact of online learning platforms on student performance.",long,164,64,3,64,4.24,8.53143001209915e-06,30.7,23.5,16.0,5.68
Pi5,Gemma-3-1B,Q3_K_M,"Identify if the given sentence is a rhetorical question or not. Output 1 for rhetorical question, and 0 for not.
Are you out of your mind?",long,138,64,1,22,1.7,4.1961404407519566e-06,15.1,9.4,6.7,5.93
Pi5,Gemma-3-1B,Q3_K_M,"Identify if the given sentence is a rhetorical question or not. Output 1 for rhetorical question, and 0 for not.
Are you out of your mind?",long,138,64,2,22,1.73,4.358364846865938e-06,15.7,9.5,6.8,5.97
Pi5,Gemma-3-1B,Q3_K_M,"Identify if the given sentence is a rhetorical question or not. Output 1 for rhetorical question, and 0 for not.
Are you out of your mind?",long,138,64,3,22,1.81,4.398852360994724e-06,15.8,9.2,6.4,5.49
Pi5,Gemma-3-1B,Q3_K_M,"Create a short news article summarizing the following information.
A new report from the World Health Organization suggests that mental health in adolescents is declining due to increased social media and technology use.",long,220,64,1,64,4.27,8.62548311947887e-06,31.1,23.4,16.0,5.61
Pi5,Gemma-3-1B,Q3_K_M,"Create a short news article summarizing the following information.
A new report from the World Health Organization suggests that mental health in adolescents is declining due to increased social media and technology use.",long,220,64,2,64,4.25,8.546696331061655e-06,30.8,23.1,15.8,5.67
Pi5,Gemma-3-1B,Q3_K_M,"Create a short news article summarizing the following information.
A new report from the World Health Organization suggests that mental health in adolescents is declining due to increased social media and technology use.",long,220,64,3,64,4.24,8.516849845615888e-06,30.7,23.0,15.8,5.65
Pi5,Gemma-3-1B,Q3_K_M,Does cognitive empathy exist?,court,29,256,1,256,15.98,3.013640795648466e-05,108.5,88.4,59.7,5.54
Pi5,Gemma-3-1B,Q3_K_M,Does cognitive empathy exist?,court,29,256,2,256,16.06,3.0066489185017672e-05,108.2,88.9,60.2,5.54
Pi5,Gemma-3-1B,Q3_K_M,Does cognitive empathy exist?,court,29,256,3,256,15.97,3.0075145252880832e-05,108.3,88.7,60.4,5.6
Pi5,Gemma-3-1B,Q3_K_M,Generate a movie review,court,23,256,1,256,15.9,2.988138457423922e-05,107.6,88.6,60.0,5.61
Pi5,Gemma-3-1B,Q3_K_M,Generate a movie review,court,23,256,2,256,15.89,2.978613175215909e-05,107.2,88.4,60.1,5.6
Pi5,Gemma-3-1B,Q3_K_M,Generate a movie review,court,23,256,3,256,15.89,3.000065743972615e-05,108.0,89.2,60.7,5.65
Pi5,Gemma-3-1B,Q3_K_M,Identify popular dishes in Mexico.,court,34,256,1,256,15.99,3.053405015448652e-05,109.9,90.2,61.7,5.69
Pi5,Gemma-3-1B,Q3_K_M,Identify popular dishes in Mexico.,court,34,256,2,256,16.06,3.0396725929856894e-05,109.4,90.5,61.7,5.69
Pi5,Gemma-3-1B,Q3_K_M,Identify popular dishes in Mexico.,court,34,256,3,256,15.93,2.991665124259723e-05,107.7,89.7,61.4,5.64
Pi5,Gemma-3-1B,Q3_K_M,What is unique about a hyperbole?,court,33,256,1,169,10.6,2.0899331859574225e-05,75.2,58.7,39.8,5.6
Pi5,Gemma-3-1B,Q3_K_M,What is unique about a hyperbole?,court,33,256,2,169,10.59,2.066398469860954e-05,74.4,59.5,40.7,5.63
Pi5,Gemma-3-1B,Q3_K_M,What is unique about a hyperbole?,court,33,256,3,169,10.58,2.0646666363027744e-05,74.3,58.2,39.4,5.57
Pi5,Gemma-3-1B,Q3_K_M,Write an emergency response plan,court,32,256,1,256,15.9,2.9811276335051338e-05,107.3,89.4,61.0,5.63
Pi5,Gemma-3-1B,Q3_K_M,Write an emergency response plan,court,32,256,2,256,15.92,3.003268208915104e-05,108.1,87.4,58.7,5.55
Pi5,Gemma-3-1B,Q3_K_M,Write an emergency response plan,court,32,256,3,256,15.89,2.987301689705252e-05,107.5,86.8,58.5,5.48
Pi5,Gemma-3-1B,Q3_K_M,Generate a quiz about physics.,court,30,256,1,256,16.06,3.0204343420597614e-05,108.7,88.2,59.3,5.5
Pi5,Gemma-3-1B,Q3_K_M,Generate a quiz about physics.,court,30,256,2,256,15.98,3.0039251872926587e-05,108.1,87.8,59.1,5.54
Pi5,Gemma-3-1B,Q3_K_M,Generate a quiz about physics.,court,30,256,3,256,15.93,2.9995043241699274e-05,108.0,86.4,58.3,5.49
Pi5,Gemma-3-1B,Q3_K_M,Develop a metaphor for hope.,court,28,256,1,256,15.95,3.007996693277741e-05,108.3,88.4,59.9,5.6
Pi5,Gemma-3-1B,Q3_K_M,Develop a metaphor for hope.,court,28,256,2,256,15.98,3.04622897010925e-05,109.7,90.0,61.3,5.68
Pi5,Gemma-3-1B,Q3_K_M,Develop a metaphor for hope.,court,28,256,3,256,15.92,2.999357132562872e-05,108.0,88.3,59.7,5.56
Pi5,Gemma-3-1B,Q3_K_M,"Summarize the poem ""Beat! Beat! Drums!""",court,39,256,1,256,16.09,3.1074151896703726e-05,111.9,88.0,59.1,5.5
Pi5,Gemma-3-1B,Q3_K_M,"Summarize the poem ""Beat! Beat! Drums!""",court,39,256,2,256,15.95,2.9912633414665592e-05,107.7,88.6,59.9,5.57
Pi5,Gemma-3-1B,Q3_K_M,"Summarize the poem ""Beat! Beat! Drums!""",court,39,256,3,256,15.97,3.0082479898339787e-05,108.3,88.3,60.1,5.6
Pi5,Gemma-3-1B,Q3_K_M,Describe the primary colors.,court,28,256,1,256,15.9,2.9715691777046955e-05,107.0,88.5,59.8,5.61
Pi5,Gemma-3-1B,Q3_K_M,Describe the primary colors.,court,28,256,2,256,15.89,2.9819783163102054e-05,107.4,86.9,58.9,5.54
Pi5,Gemma-3-1B,Q3_K_M,Describe the primary colors.,court,28,256,3,256,15.89,2.971445015892269e-05,107.0,87.5,59.0,5.54
Pi5,Gemma-3-1B,Q3_K_M,Name two first aid treatments for a cut.,court,40,256,1,125,7.89,1.5648553272377172e-05,56.3,43.7,29.8,5.63
Pi5,Gemma-3-1B,Q3_K_M,Name two first aid treatments for a cut.,court,40,256,2,125,7.98,1.688778674414423e-05,60.8,42.5,28.7,5.47
Pi5,Gemma-3-1B,Q3_K_M,Name two first aid treatments for a cut.,court,40,256,3,125,7.87,1.5644118906945526e-05,56.3,44.2,30.1,5.68
Pi5,Gemma-3-1B,Q3_K_M,Write one sentence about handwashing.,court,37,256,1,37,2.39,5.245693408065847e-06,18.9,12.6,8.5,5.57
Pi5,Gemma-3-1B,Q3_K_M,Write one sentence about handwashing.,court,37,256,2,37,2.41,5.328541979585925e-06,19.2,11.8,7.8,5.22
Pi5,Gemma-3-1B,Q3_K_M,Write one sentence about handwashing.,court,37,256,3,37,2.42,5.4210462089213476e-06,19.5,13.0,8.7,5.51
Pi5,Gemma-3-1B,Q3_K_M,Who is Samantha Andrews?,court,24,256,1,256,15.92,3.0011412351467084e-05,108.0,88.5,60.1,5.59
Pi5,Gemma-3-1B,Q3_K_M,Who is Samantha Andrews?,court,24,256,2,256,15.92,2.9985561977244815e-05,107.9,88.0,59.5,5.59
Pi5,Gemma-3-1B,Q3_K_M,Who is Samantha Andrews?,court,24,256,3,256,15.99,2.9998567565077635e-05,108.0,88.1,59.7,5.55
Pi5,Gemma-3-1B,Q3_K_M,What year did WW2 start?,court,24,256,1,26,1.74,4.291705729461364e-06,15.5,9.5,6.5,5.63
Pi5,Gemma-3-1B,Q3_K_M,What year did WW2 start?,court,24,256,2,26,1.75,4.4660266424890785e-06,16.1,8.8,6.0,5.57
Pi5,Gemma-3-1B,Q3_K_M,What year did WW2 start?,court,24,256,3,26,1.74,4.27763934029266e-06,15.4,8.8,5.9,5.55
Pi5,Gemma-3-1B,Q3_K_M,Give 10 features of the sun.,court,28,256,1,235,14.85,2.9177598161941703e-05,105.0,81.6,55.4,5.58
Pi5,Gemma-3-1B,Q3_K_M,Give 10 features of the sun.,court,28,256,2,235,14.68,2.8059938513719116e-05,101.0,81.5,55.2,5.6
Pi5,Gemma-3-1B,Q3_K_M,Give 10 features of the sun.,court,28,256,3,235,14.68,2.8232138407893724e-05,101.6,79.7,53.6,5.49
Pi5,Gemma-3-1B,Q3_K_M,Write a mock newspaper headline.,court,32,256,1,256,15.9,2.994019372267142e-05,107.8,87.6,59.2,5.56
Pi5,Gemma-3-1B,Q3_K_M,Write a mock newspaper headline.,court,32,256,2,256,15.9,2.986841298616466e-05,107.5,88.6,59.9,5.62
Pi5,Gemma-3-1B,Q3_K_M,Write a mock newspaper headline.,court,32,256,3,256,15.92,2.9908977315095333e-05,107.7,87.4,58.7,5.51
Pi5,Gemma-3-1B,Q3_K_M,Create a data visualization of the latest COVID-19 cases in the US.,moyen,67,256,1,256,16.0,3.0108163188627474e-05,108.4,87.9,59.6,5.56
Pi5,Gemma-3-1B,Q3_K_M,Create a data visualization of the latest COVID-19 cases in the US.,moyen,67,256,2,256,16.11,3.102155729018083e-05,111.7,88.2,59.3,5.49
Pi5,Gemma-3-1B,Q3_K_M,Create a data visualization of the latest COVID-19 cases in the US.,moyen,67,256,3,256,16.01,3.0065527716102388e-05,108.2,89.7,60.9,5.64
Pi5,Gemma-3-1B,Q3_K_M,"Calculate the price after discount.
Regular price: $100, Discount: 15%",moyen,70,256,1,49,3.28,6.773403351300223e-06,24.4,17.4,11.9,5.55
Pi5,Gemma-3-1B,Q3_K_M,"Calculate the price after discount.
Regular price: $100, Discount: 15%",moyen,70,256,2,49,3.25,6.689009450517842e-06,24.1,17.0,11.3,5.38
Pi5,Gemma-3-1B,Q3_K_M,"Calculate the price after discount.
Regular price: $100, Discount: 15%",moyen,70,256,3,49,3.29,6.780617372548755e-06,24.4,16.8,11.1,5.3
Pi5,Gemma-3-1B,Q3_K_M,"Parse the given sentence grammatically.
The small jar sat on the shelf.",moyen,71,256,1,256,15.96,2.9947641145986213e-05,107.8,87.3,58.9,5.53
Pi5,Gemma-3-1B,Q3_K_M,"Parse the given sentence grammatically.
The small jar sat on the shelf.",moyen,71,256,2,256,15.98,3.0215440773077296e-05,108.8,89.1,60.9,5.65
Pi5,Gemma-3-1B,Q3_K_M,"Parse the given sentence grammatically.
The small jar sat on the shelf.",moyen,71,256,3,256,16.0,3.032017009109496e-05,109.2,89.6,61.0,5.65
Pi5,Gemma-3-1B,Q3_K_M,"Rewrite the given program in Java.
a = 4
b = 5
c = a + b
print(c)",moyen,65,256,1,256,16.11,3.0303077450893868e-05,109.1,91.0,61.9,5.66
Pi5,Gemma-3-1B,Q3_K_M,"Rewrite the given program in Java.
a = 4
b = 5
c = a + b
print(c)",moyen,65,256,2,256,16.16,3.0712453009187345e-05,110.6,89.6,60.5,5.6
Pi5,Gemma-3-1B,Q3_K_M,"Rewrite the given program in Java.
a = 4
b = 5
c = a + b
print(c)",moyen,65,256,3,256,16.11,3.0133434962880374e-05,108.5,88.4,60.0,5.56
Pi5,Gemma-3-1B,Q3_K_M,"Based on the input, provide the correct spelling of the word.
ambigious",moyen,71,256,1,8,0.81,2.311708931392704e-06,8.3,3.3,2.2,4.8
Pi5,Gemma-3-1B,Q3_K_M,"Based on the input, provide the correct spelling of the word.
ambigious",moyen,71,256,2,8,0.72,2.1946711196338783e-06,7.9,3.6,2.4,5.25
Pi5,Gemma-3-1B,Q3_K_M,"Based on the input, provide the correct spelling of the word.
ambigious",moyen,71,256,3,8,0.72,2.201429975563514e-06,7.9,3.4,2.3,5.0
Pi5,Gemma-3-1B,Q3_K_M,Construct a query that returns information about the Eiffel Tower.,moyen,66,256,1,256,15.96,2.9958411345718162e-05,107.9,87.7,58.9,5.52
Pi5,Gemma-3-1B,Q3_K_M,Construct a query that returns information about the Eiffel Tower.,moyen,66,256,2,256,15.95,3.0141033493224617e-05,108.5,87.4,59.1,5.58
Pi5,Gemma-3-1B,Q3_K_M,Construct a query that returns information about the Eiffel Tower.,moyen,66,256,3,256,15.95,2.9965823810242823e-05,107.9,88.2,60.1,5.58
Pi5,Gemma-3-1B,Q3_K_M,"Create a set from the given input and find its size.
[1, 2, 3, 2, 4, 2]",moyen,71,256,1,256,16.26,3.11012061234131e-05,112.0,91.4,62.2,5.63
Pi5,Gemma-3-1B,Q3_K_M,"Create a set from the given input and find its size.
[1, 2, 3, 2, 4, 2]",moyen,71,256,2,256,16.14,3.0374947351515056e-05,109.3,88.3,59.6,5.51
Pi5,Gemma-3-1B,Q3_K_M,"Create a set from the given input and find its size.
[1, 2, 3, 2, 4, 2]",moyen,71,256,3,256,16.16,3.0205892093408852e-05,108.7,89.9,61.3,5.61
Pi5,Gemma-3-1B,Q3_K_M,"What are the different types of characters in the given play?
Macbeth",moyen,69,256,1,193,12.13,2.3031892939885943e-05,82.9,65.3,43.7,5.48
Pi5,Gemma-3-1B,Q3_K_M,"What are the different types of characters in the given play?
Macbeth",moyen,69,256,2,193,12.13,2.2935058722963493e-05,82.6,66.2,44.5,5.48
Pi5,Gemma-3-1B,Q3_K_M,"What are the different types of characters in the given play?
Macbeth",moyen,69,256,3,193,12.12,2.2973173749858656e-05,82.7,65.8,44.5,5.52
Pi5,Gemma-3-1B,Q3_K_M,"Find the x-intercept of the line given by the equation.
y = 4x + 10",moyen,67,256,1,131,8.37,1.6170166726897807e-05,58.2,46.7,32.1,5.67
Pi5,Gemma-3-1B,Q3_K_M,"Find the x-intercept of the line given by the equation.
y = 4x + 10",moyen,67,256,2,131,8.36,1.6358139852899764e-05,58.9,46.9,31.7,5.62
Pi5,Gemma-3-1B,Q3_K_M,"Find the x-intercept of the line given by the equation.
y = 4x + 10",moyen,67,256,3,131,8.35,1.6221384737265978e-05,58.4,46.2,31.5,5.68
Pi5,Gemma-3-1B,Q3_K_M,"Identify the most suitable adverb for the following sentence
She works",moyen,70,256,1,193,12.08,2.287340821603319e-05,82.3,66.9,45.2,5.6
Pi5,Gemma-3-1B,Q3_K_M,"Identify the most suitable adverb for the following sentence
She works",moyen,70,256,2,193,12.08,2.2825244078570356e-05,82.2,66.5,45.0,5.52
Pi5,Gemma-3-1B,Q3_K_M,"Identify the most suitable adverb for the following sentence
She works",moyen,70,256,3,193,12.13,2.312105608654355e-05,83.2,67.3,45.6,5.58
Pi5,Gemma-3-1B,Q3_K_M,"Generate a sentence using the words ""caffeine"", ""hunter"", and ""monday"".",moyen,71,256,1,42,2.82,6.306568521911632e-06,22.7,14.5,9.6,5.33
Pi5,Gemma-3-1B,Q3_K_M,"Generate a sentence using the words ""caffeine"", ""hunter"", and ""monday"".",moyen,71,256,2,42,2.79,6.253008126834116e-06,22.5,15.5,10.6,5.73
Pi5,Gemma-3-1B,Q3_K_M,"Generate a sentence using the words ""caffeine"", ""hunter"", and ""monday"".",moyen,71,256,3,42,2.84,6.2940505438610965e-06,22.7,15.5,10.6,5.51
Pi5,Gemma-3-1B,Q3_K_M,"Sort the given words from most to least serious
Sneeze, trip, shout",moyen,67,256,1,256,16.04,3.0153804575727752e-05,108.6,88.6,60.0,5.57
Pi5,Gemma-3-1B,Q3_K_M,"Sort the given words from most to least serious
Sneeze, trip, shout",moyen,67,256,2,256,16.02,3.0086371954211287e-05,108.3,87.0,58.5,5.49
Pi5,Gemma-3-1B,Q3_K_M,"Sort the given words from most to least serious
Sneeze, trip, shout",moyen,67,256,3,256,16.17,3.037213090159689e-05,109.3,88.1,59.1,5.47
Pi5,Gemma-3-1B,Q3_K_M,Come up with at least 5 ways to use deep learning in healthcare.,moyen,64,256,1,256,15.99,3.002821476927176e-05,108.1,88.1,59.7,5.57
Pi5,Gemma-3-1B,Q3_K_M,Come up with at least 5 ways to use deep learning in healthcare.,moyen,64,256,2,256,15.99,3.0002762782251792e-05,108.0,90.0,61.3,5.66
Pi5,Gemma-3-1B,Q3_K_M,Come up with at least 5 ways to use deep learning in healthcare.,moyen,64,256,3,256,15.98,3.0064183213688184e-05,108.2,89.0,60.5,5.62
Pi5,Gemma-3-1B,Q3_K_M,Describe the concept of artificial intelligence in your own words.,moyen,66,256,1,256,15.96,3.018500101388724e-05,108.7,86.8,58.4,5.49
Pi5,Gemma-3-1B,Q3_K_M,Describe the concept of artificial intelligence in your own words.,moyen,66,256,2,256,15.95,2.9924812844758387e-05,107.7,89.4,60.7,5.68
Pi5,Gemma-3-1B,Q3_K_M,Describe the concept of artificial intelligence in your own words.,moyen,66,256,3,256,15.95,3.009366365942321e-05,108.3,87.8,59.3,5.57
Pi5,Gemma-3-1B,Q3_K_M,Follow the given example and create a poem about a passionate sunset.,moyen,69,256,1,256,15.95,2.9779069993463774e-05,107.2,89.5,60.8,5.65
Pi5,Gemma-3-1B,Q3_K_M,Follow the given example and create a poem about a passionate sunset.,moyen,69,256,2,256,15.97,3.009922854068714e-05,108.4,87.9,59.3,5.53
Pi5,Gemma-3-1B,Q3_K_M,Follow the given example and create a poem about a passionate sunset.,moyen,69,256,3,256,15.98,3.003643016910915e-05,108.1,88.0,59.4,5.58
Pi5,Gemma-3-1B,Q3_K_M,"Create three subheadings that could be used to divide the news article.
Tesla announced plans to develop a new battery technology that will increase the range of electric vehicles.",long,180,256,1,66,4.45,9.246178873530141e-06,33.3,24.3,16.8,5.66
Pi5,Gemma-3-1B,Q3_K_M,"Create three subheadings that could be used to divide the news article.
Tesla announced plans to develop a new battery technology that will increase the range of electric vehicles.",long,180,256,2,66,4.42,9.027729471560476e-06,32.5,24.7,17.0,5.67
Pi5,Gemma-3-1B,Q3_K_M,"Create three subheadings that could be used to divide the news article.
Tesla announced plans to develop a new battery technology that will increase the range of electric vehicles.",long,180,256,3,66,4.41,9.042558776406248e-06,32.6,24.9,17.1,5.68
Pi5,Gemma-3-1B,Q3_K_M,"Given a string word and a dictionary of words, determine whether the word is a valid word.
String word: ""hello""
Dictionary of words: { ""hi"", ""bye"", ""hello"", ""world"" }",long,166,256,1,256,16.28,3.0330013414510218e-05,109.2,92.4,63.2,5.68
Pi5,Gemma-3-1B,Q3_K_M,"Given a string word and a dictionary of words, determine whether the word is a valid word.
String word: ""hello""
Dictionary of words: { ""hi"", ""bye"", ""hello"", ""world"" }",long,166,256,2,256,16.26,3.0487837235818432e-05,109.8,90.4,61.5,5.62
Pi5,Gemma-3-1B,Q3_K_M,"Given a string word and a dictionary of words, determine whether the word is a valid word.
String word: ""hello""
Dictionary of words: { ""hi"", ""bye"", ""hello"", ""world"" }",long,166,256,3,256,16.4,3.217618185018822e-05,115.8,90.5,61.4,5.57
Pi5,Gemma-3-1B,Q3_K_M,"Given the following conditions, formulate a hypothesis.
Temperature, humidity, and precipitation levels are higher during the summer than the winter.",long,149,256,1,99,6.41,1.2768411535356686e-05,46.0,34.9,23.7,5.52
Pi5,Gemma-3-1B,Q3_K_M,"Given the following conditions, formulate a hypothesis.
Temperature, humidity, and precipitation levels are higher during the summer than the winter.",long,149,256,2,99,6.41,1.2816651320627585e-05,46.1,35.0,23.7,5.63
Pi5,Gemma-3-1B,Q3_K_M,"Given the following conditions, formulate a hypothesis.
Temperature, humidity, and precipitation levels are higher during the summer than the winter.",long,149,256,3,99,6.45,1.2835077983121403e-05,46.2,35.2,23.9,5.48
Pi5,Gemma-3-1B,Q3_K_M,"Make an assumption based on the following data.
90% of surveyed software developers work more than 8 hours a day, while only 10% work less than 8 hours a day",long,157,256,1,256,16.24,3.0363308447155113e-05,109.3,91.2,62.3,5.66
Pi5,Gemma-3-1B,Q3_K_M,"Make an assumption based on the following data.
90% of surveyed software developers work more than 8 hours a day, while only 10% work less than 8 hours a day",long,157,256,2,256,16.23,3.050077859728911e-05,109.8,88.7,59.8,5.48
Pi5,Gemma-3-1B,Q3_K_M,"Make an assumption based on the following data.
90% of surveyed software developers work more than 8 hours a day, while only 10% work less than 8 hours a day",long,157,256,3,256,16.22,3.0436836107239963e-05,109.6,90.4,61.6,5.62
Pi5,Gemma-3-1B,Q3_K_M,"Given the following details, write a short paragraph about a vacation destination.
Destination: Mexico 
Time of Year: Summer 
Activities: Swimming, fishing, snorkeling, zip-lining",long,179,256,1,256,16.22,3.0297203021034715e-05,109.1,90.7,62.2,5.67
Pi5,Gemma-3-1B,Q3_K_M,"Given the following details, write a short paragraph about a vacation destination.
Destination: Mexico 
Time of Year: Summer 
Activities: Swimming, fishing, snorkeling, zip-lining",long,179,256,2,256,16.35,3.089340208600354e-05,111.2,91.2,62.1,5.6
Pi5,Gemma-3-1B,Q3_K_M,"Given the following details, write a short paragraph about a vacation destination.
Destination: Mexico 
Time of Year: Summer 
Activities: Swimming, fishing, snorkeling, zip-lining",long,179,256,3,256,16.21,3.0302824250981676e-05,109.1,88.4,59.8,5.52
Pi5,Gemma-3-1B,Q3_K_M,"Generate a random password with 8 characters containing at least one number, one special character, one capital letter and one lowercase letter.",long,144,256,1,256,16.11,3.0251632947763933e-05,108.9,88.9,60.4,5.53
Pi5,Gemma-3-1B,Q3_K_M,"Generate a random password with 8 characters containing at least one number, one special character, one capital letter and one lowercase letter.",long,144,256,2,256,16.1,3.013650103351848e-05,108.5,90.0,61.2,5.62
Pi5,Gemma-3-1B,Q3_K_M,"Generate a random password with 8 characters containing at least one number, one special character, one capital letter and one lowercase letter.",long,144,256,3,256,16.11,3.016226675289145e-05,108.6,90.8,61.7,5.64
Pi5,Gemma-3-1B,Q3_K_M,"Edit the following to make it suitable for school-aged children.
Bob and Bill were arguing over who was the best player on the basketball team.",long,143,256,1,256,16.19,3.049735840181509e-05,109.8,89.9,61.2,5.59
Pi5,Gemma-3-1B,Q3_K_M,"Edit the following to make it suitable for school-aged children.
Bob and Bill were arguing over who was the best player on the basketball team.",long,143,256,2,256,16.27,3.151152622816305e-05,113.4,90.9,62.3,5.66
Pi5,Gemma-3-1B,Q3_K_M,"Edit the following to make it suitable for school-aged children.
Bob and Bill were arguing over who was the best player on the basketball team.",long,143,256,3,256,16.14,3.0210202245083193e-05,108.8,89.9,61.6,5.62
Pi5,Gemma-3-1B,Q3_K_M,"Given a description of a situation, provide an appropriate ethical judgement.
A chef was not happy with the performance of a waiter, so he yelled and cursed at him in front of other people.",long,189,256,1,88,5.83,1.1867746237524926e-05,42.7,32.5,22.4,5.75
Pi5,Gemma-3-1B,Q3_K_M,"Given a description of a situation, provide an appropriate ethical judgement.
A chef was not happy with the performance of a waiter, so he yelled and cursed at him in front of other people.",long,189,256,2,88,5.83,1.191556369740249e-05,42.9,31.3,21.1,5.46
Pi5,Gemma-3-1B,Q3_K_M,"Given a description of a situation, provide an appropriate ethical judgement.
A chef was not happy with the performance of a waiter, so he yelled and cursed at him in front of other people.",long,189,256,3,88,5.84,1.2073335643275202e-05,43.5,31.5,21.1,5.54
Pi5,Gemma-3-1B,Q3_K_M,"Rewrite this poem to make it more vivid and interesting.
Once I had a house
where I made a thousand memories
It served me well
but now I'm gone",long,143,256,1,256,16.2,3.0336615742930763e-05,109.2,90.7,61.5,5.63
Pi5,Gemma-3-1B,Q3_K_M,"Rewrite this poem to make it more vivid and interesting.
Once I had a house
where I made a thousand memories
It served me well
but now I'm gone",long,143,256,2,256,16.19,3.0305976749531437e-05,109.1,89.7,61.2,5.59
Pi5,Gemma-3-1B,Q3_K_M,"Rewrite this poem to make it more vivid and interesting.
Once I had a house
where I made a thousand memories
It served me well
but now I'm gone",long,143,256,3,256,16.19,3.030927044590448e-05,109.1,91.4,62.8,5.71
Pi5,Gemma-3-1B,Q3_K_M,"Categorize the following text into one of the genres: Comedy, Thriller, Romance, or Drama.
Two kids from very different backgrounds meet in summer camp and form an unlikely friendship.",long,184,256,1,49,3.43,7.2949160566444795e-06,26.3,18.7,12.9,5.73
Pi5,Gemma-3-1B,Q3_K_M,"Categorize the following text into one of the genres: Comedy, Thriller, Romance, or Drama.
Two kids from very different backgrounds meet in summer camp and form an unlikely friendship.",long,184,256,2,49,3.54,9.37413069240866e-06,33.7,20.0,13.7,5.71
Pi5,Gemma-3-1B,Q3_K_M,"Categorize the following text into one of the genres: Comedy, Thriller, Romance, or Drama.
Two kids from very different backgrounds meet in summer camp and form an unlikely friendship.",long,184,256,3,49,3.46,7.456631951287438e-06,26.8,19.3,13.5,5.7
Pi5,Gemma-3-1B,Q3_K_M,"Label the following news article as either ""Political"" or ""Entertainment""
Ansel Elgort and Gabrielle Union have both been cast in a new romantic summer movie to be released in 2022.",long,181,256,1,256,16.23,3.0392154384957333e-05,109.4,91.6,62.4,5.66
Pi5,Gemma-3-1B,Q3_K_M,"Label the following news article as either ""Political"" or ""Entertainment""
Ansel Elgort and Gabrielle Union have both been cast in a new romantic summer movie to be released in 2022.",long,181,256,2,256,16.22,3.0265212856888615e-05,109.0,89.8,61.2,5.61
Pi5,Gemma-3-1B,Q3_K_M,"Label the following news article as either ""Political"" or ""Entertainment""
Ansel Elgort and Gabrielle Union have both been cast in a new romantic summer movie to be released in 2022.",long,181,256,3,256,16.22,3.0317958063817023e-05,109.1,89.7,60.9,5.58
Pi5,Gemma-3-1B,Q3_K_M,"Identify the sentence in the given paragraph that contains all the given words.
Words: happiness, life, strive 
Paragraph:
Living your best life means striving for happiness in all aspects of life. Happiness can be found in the small daily moments, but also through being content with what you have. You don’t need to struggle to be content. You just need to shift how you look at life in order to see the beauty that already exists.",long,433,256,1,186,12.34,2.3520421527321435e-05,84.7,68.0,46.0,5.53
Pi5,Gemma-3-1B,Q3_K_M,"Identify the sentence in the given paragraph that contains all the given words.
Words: happiness, life, strive 
Paragraph:
Living your best life means striving for happiness in all aspects of life. Happiness can be found in the small daily moments, but also through being content with what you have. You don’t need to struggle to be content. You just need to shift how you look at life in order to see the beauty that already exists.",long,433,256,2,186,12.36,2.3549528176297818e-05,84.8,68.8,47.1,5.67
Pi5,Gemma-3-1B,Q3_K_M,"Identify the sentence in the given paragraph that contains all the given words.
Words: happiness, life, strive 
Paragraph:
Living your best life means striving for happiness in all aspects of life. Happiness can be found in the small daily moments, but also through being content with what you have. You don’t need to struggle to be content. You just need to shift how you look at life in order to see the beauty that already exists.",long,433,256,3,186,12.35,2.356934626244087e-05,84.8,69.2,47.3,5.63
Pi5,Gemma-3-1B,Q3_K_M,"Frame a one-sentence hypothesis given the following information.
The goal of the study is to analyze the impact of online learning platforms on student performance.",long,164,256,1,256,16.39,3.0718227174267475e-05,110.6,90.0,60.6,5.5
Pi5,Gemma-3-1B,Q3_K_M,"Frame a one-sentence hypothesis given the following information.
The goal of the study is to analyze the impact of online learning platforms on student performance.",long,164,256,2,256,16.13,3.0294425922984082e-05,109.1,90.1,61.1,5.6
Pi5,Gemma-3-1B,Q3_K_M,"Frame a one-sentence hypothesis given the following information.
The goal of the study is to analyze the impact of online learning platforms on student performance.",long,164,256,3,256,16.14,3.030341209325286e-05,109.1,90.3,61.3,5.64
Pi5,Gemma-3-1B,Q3_K_M,"Identify if the given sentence is a rhetorical question or not. Output 1 for rhetorical question, and 0 for not.
Are you out of your mind?",long,138,256,1,22,1.72,4.237127061626991e-06,15.3,8.5,5.8,5.38
Pi5,Gemma-3-1B,Q3_K_M,"Identify if the given sentence is a rhetorical question or not. Output 1 for rhetorical question, and 0 for not.
Are you out of your mind?",long,138,256,2,22,1.71,4.214968997054595e-06,15.2,8.8,6.0,5.55
Pi5,Gemma-3-1B,Q3_K_M,"Identify if the given sentence is a rhetorical question or not. Output 1 for rhetorical question, and 0 for not.
Are you out of your mind?",long,138,256,3,22,1.71,4.219670771311255e-06,15.2,9.0,6.3,5.7
Pi5,Gemma-3-1B,Q3_K_M,"Create a short news article summarizing the following information.
A new report from the World Health Organization suggests that mental health in adolescents is declining due to increased social media and technology use.",long,220,256,1,212,13.47,2.574291476176083e-05,92.7,74.3,50.5,5.63
Pi5,Gemma-3-1B,Q3_K_M,"Create a short news article summarizing the following information.
A new report from the World Health Organization suggests that mental health in adolescents is declining due to increased social media and technology use.",long,220,256,2,212,13.46,2.5766920872987887e-05,92.8,75.1,51.6,5.67
Pi5,Gemma-3-1B,Q3_K_M,"Create a short news article summarizing the following information.
A new report from the World Health Organization suggests that mental health in adolescents is declining due to increased social media and technology use.",long,220,256,3,212,13.48,2.582390762190761e-05,93.0,74.2,50.6,5.62
Pi5,Gemma-3-1B,Q4_K_M,Does cognitive empathy exist?,court,29,16,1,16,1.48,3.500392197034836e-06,12.6,7.3,5.1,5.4
Pi5,Gemma-3-1B,Q4_K_M,Does cognitive empathy exist?,court,29,16,2,16,1.53,4.808516017325335e-06,17.3,7.3,5.1,5.41
Pi5,Gemma-3-1B,Q4_K_M,Does cognitive empathy exist?,court,29,16,3,16,1.4,3.4058330735826584e-06,12.3,7.7,5.4,5.66
Pi5,Gemma-3-1B,Q4_K_M,Generate a movie review,court,23,16,1,16,1.39,3.342651285658942e-06,12.0,8.1,5.7,6.04
Pi5,Gemma-3-1B,Q4_K_M,Generate a movie review,court,23,16,2,16,1.38,3.3129111355000174e-06,11.9,7.6,5.3,5.6
Pi5,Gemma-3-1B,Q4_K_M,Generate a movie review,court,23,16,3,16,1.38,3.31003579169992e-06,11.9,7.6,5.3,5.61
Pi5,Gemma-3-1B,Q4_K_M,Identify popular dishes in Mexico.,court,34,16,1,16,1.43,3.53053893348483e-06,12.7,7.5,5.2,5.52
Pi5,Gemma-3-1B,Q4_K_M,Identify popular dishes in Mexico.,court,34,16,2,16,1.43,3.534023120341496e-06,12.7,7.8,5.5,5.78
Pi5,Gemma-3-1B,Q4_K_M,Identify popular dishes in Mexico.,court,34,16,3,16,1.43,3.5254399599759526e-06,12.7,6.7,4.6,5.44
Pi5,Gemma-3-1B,Q4_K_M,What is unique about a hyperbole?,court,33,16,1,16,1.45,3.618673674806986e-06,13.0,6.8,4.7,5.52
Pi5,Gemma-3-1B,Q4_K_M,What is unique about a hyperbole?,court,33,16,2,16,1.46,3.6623086684151124e-06,13.2,7.4,5.1,5.44
Pi5,Gemma-3-1B,Q4_K_M,What is unique about a hyperbole?,court,33,16,3,16,1.48,3.657946567489564e-06,13.2,7.7,5.4,5.7
Pi5,Gemma-3-1B,Q4_K_M,Write an emergency response plan,court,32,16,1,16,1.4,3.398918037699337e-06,12.2,7.0,4.9,5.68
Pi5,Gemma-3-1B,Q4_K_M,Write an emergency response plan,court,32,16,2,16,1.42,3.4965026058885824e-06,12.6,8.2,5.9,6.05
Pi5,Gemma-3-1B,Q4_K_M,Write an emergency response plan,court,32,16,3,16,1.4,3.3875702366630117e-06,12.2,7.7,5.3,5.65
Pi5,Gemma-3-1B,Q4_K_M,Generate a quiz about physics.,court,30,16,1,16,1.42,3.49102560710154e-06,12.6,7.7,5.4,5.7
Pi5,Gemma-3-1B,Q4_K_M,Generate a quiz about physics.,court,30,16,2,16,1.41,3.4325245291982516e-06,12.4,7.6,5.3,5.64
Pi5,Gemma-3-1B,Q4_K_M,Generate a quiz about physics.,court,30,16,3,16,1.43,3.5005808942370984e-06,12.6,7.8,5.5,5.84
Pi5,Gemma-3-1B,Q4_K_M,Develop a metaphor for hope.,court,28,16,1,16,1.43,3.519032393497336e-06,12.7,7.5,5.2,5.52
Pi5,Gemma-3-1B,Q4_K_M,Develop a metaphor for hope.,court,28,16,2,16,1.43,3.545000259966889e-06,12.8,6.4,4.1,4.7
Pi5,Gemma-3-1B,Q4_K_M,Develop a metaphor for hope.,court,28,16,3,16,1.42,3.4714961989120615e-06,12.5,6.2,4.3,5.48
Pi5,Gemma-3-1B,Q4_K_M,"Summarize the poem ""Beat! Beat! Drums!""",court,39,16,1,16,1.52,3.9128792891124716e-06,14.1,8.9,6.4,6.11
Pi5,Gemma-3-1B,Q4_K_M,"Summarize the poem ""Beat! Beat! Drums!""",court,39,16,2,16,1.52,3.904680037459154e-06,14.1,8.2,6.0,6.06
Pi5,Gemma-3-1B,Q4_K_M,"Summarize the poem ""Beat! Beat! Drums!""",court,39,16,3,16,1.52,3.914942927188046e-06,14.1,7.7,5.5,5.65
Pi5,Gemma-3-1B,Q4_K_M,Describe the primary colors.,court,28,16,1,13,1.25,2.9541256939348687e-06,10.6,6.2,4.3,5.45
Pi5,Gemma-3-1B,Q4_K_M,Describe the primary colors.,court,28,16,2,13,1.26,2.9638914955624797e-06,10.7,6.7,4.6,5.46
Pi5,Gemma-3-1B,Q4_K_M,Describe the primary colors.,court,28,16,3,13,1.25,2.956852507221622e-06,10.6,5.7,3.8,5.05
Pi5,Gemma-3-1B,Q4_K_M,Name two first aid treatments for a cut.,court,40,16,1,16,1.48,3.772406153605164e-06,13.6,7.7,5.4,5.65
Pi5,Gemma-3-1B,Q4_K_M,Name two first aid treatments for a cut.,court,40,16,2,16,1.5,3.946452758687867e-06,14.2,8.2,5.9,5.65
Pi5,Gemma-3-1B,Q4_K_M,Name two first aid treatments for a cut.,court,40,16,3,16,1.49,3.8011099657064275e-06,13.7,8.3,6.0,6.11
Pi5,Gemma-3-1B,Q4_K_M,Write one sentence about handwashing.,court,37,16,1,16,1.43,3.5107219531325992e-06,12.6,7.9,5.6,5.84
Pi5,Gemma-3-1B,Q4_K_M,Write one sentence about handwashing.,court,37,16,2,16,1.44,3.556149000860146e-06,12.8,7.7,5.4,5.64
Pi5,Gemma-3-1B,Q4_K_M,Write one sentence about handwashing.,court,37,16,3,16,1.45,3.6038251739065504e-06,13.0,6.4,4.3,5.15
Pi5,Gemma-3-1B,Q4_K_M,Who is Samantha Andrews?,court,24,16,1,16,1.4,3.431468939179632e-06,12.4,7.2,4.8,5.29
Pi5,Gemma-3-1B,Q4_K_M,Who is Samantha Andrews?,court,24,16,2,16,1.4,3.412550529049419e-06,12.3,7.1,4.8,5.26
Pi5,Gemma-3-1B,Q4_K_M,Who is Samantha Andrews?,court,24,16,3,16,1.41,3.4540065403774505e-06,12.4,7.5,5.2,5.55
Pi5,Gemma-3-1B,Q4_K_M,What year did WW2 start?,court,24,16,1,16,1.45,3.60390092502148e-06,13.0,6.7,4.6,5.44
Pi5,Gemma-3-1B,Q4_K_M,What year did WW2 start?,court,24,16,2,16,1.43,3.5483142469125143e-06,12.8,6.8,4.5,5.12
Pi5,Gemma-3-1B,Q4_K_M,What year did WW2 start?,court,24,16,3,16,1.44,3.5969905700549063e-06,12.9,5.8,3.9,5.12
Pi5,Gemma-3-1B,Q4_K_M,Give 10 features of the sun.,court,28,16,1,16,1.5,3.8786394346466784e-06,14.0,8.2,5.9,6.02
Pi5,Gemma-3-1B,Q4_K_M,Give 10 features of the sun.,court,28,16,2,16,1.49,3.84377286246751e-06,13.8,7.9,5.5,5.79
Pi5,Gemma-3-1B,Q4_K_M,Give 10 features of the sun.,court,28,16,3,16,1.59,3.921862703839109e-06,14.1,8.3,6.0,5.68
Pi5,Gemma-3-1B,Q4_K_M,Write a mock newspaper headline.,court,32,16,1,16,1.42,3.472193812154278e-06,12.5,7.8,5.5,5.73
Pi5,Gemma-3-1B,Q4_K_M,Write a mock newspaper headline.,court,32,16,2,16,1.43,3.5453883116164075e-06,12.8,7.6,5.2,5.63
Pi5,Gemma-3-1B,Q4_K_M,Write a mock newspaper headline.,court,32,16,3,16,1.45,3.6174211187474617e-06,13.0,7.6,5.3,5.56
Pi5,Gemma-3-1B,Q4_K_M,Create a data visualization of the latest COVID-19 cases in the US.,moyen,67,16,1,16,1.61,4.032271842486698e-06,14.5,9.1,6.3,5.87
Pi5,Gemma-3-1B,Q4_K_M,Create a data visualization of the latest COVID-19 cases in the US.,moyen,67,16,2,16,1.64,4.101220337198601e-06,14.8,8.3,5.9,5.72
Pi5,Gemma-3-1B,Q4_K_M,Create a data visualization of the latest COVID-19 cases in the US.,moyen,67,16,3,16,1.62,4.069541690458669e-06,14.7,9.0,6.4,5.69
Pi5,Gemma-3-1B,Q4_K_M,"Calculate the price after discount.
Regular price: $100, Discount: 15%",moyen,70,16,1,16,1.72,4.213317616986084e-06,15.2,10.2,7.7,6.46
Pi5,Gemma-3-1B,Q4_K_M,"Calculate the price after discount.
Regular price: $100, Discount: 15%",moyen,70,16,2,16,1.72,4.21486572946179e-06,15.2,9.9,7.3,6.22
Pi5,Gemma-3-1B,Q4_K_M,"Calculate the price after discount.
Regular price: $100, Discount: 15%",moyen,70,16,3,16,1.72,4.20452438815713e-06,15.1,9.9,7.2,6.25
Pi5,Gemma-3-1B,Q4_K_M,"Parse the given sentence grammatically.
The small jar sat on the shelf.",moyen,71,16,1,16,1.62,4.056891533073986e-06,14.6,9.2,6.8,6.29
Pi5,Gemma-3-1B,Q4_K_M,"Parse the given sentence grammatically.
The small jar sat on the shelf.",moyen,71,16,2,16,1.61,4.054859137015436e-06,14.6,8.9,6.5,6.13
Pi5,Gemma-3-1B,Q4_K_M,"Parse the given sentence grammatically.
The small jar sat on the shelf.",moyen,71,16,3,16,1.71,4.209528497882661e-06,15.2,8.4,5.8,5.29
Pi5,Gemma-3-1B,Q4_K_M,"Rewrite the given program in Java.
a = 4
b = 5
c = a + b
print(c)",moyen,65,16,1,16,1.87,4.470304192070613e-06,16.1,9.9,7.2,5.89
Pi5,Gemma-3-1B,Q4_K_M,"Rewrite the given program in Java.
a = 4
b = 5
c = a + b
print(c)",moyen,65,16,2,16,1.86,4.452022747925916e-06,16.0,10.1,7.4,5.96
Pi5,Gemma-3-1B,Q4_K_M,"Rewrite the given program in Java.
a = 4
b = 5
c = a + b
print(c)",moyen,65,16,3,16,1.86,4.45174955568359e-06,16.0,10.3,7.7,6.11
Pi5,Gemma-3-1B,Q4_K_M,"Based on the input, provide the correct spelling of the word.
ambigious",moyen,71,16,1,16,1.61,4.049148474365611e-06,14.6,8.8,6.2,5.59
Pi5,Gemma-3-1B,Q4_K_M,"Based on the input, provide the correct spelling of the word.
ambigious",moyen,71,16,2,16,1.63,4.067056230421935e-06,14.6,9.5,6.9,6.02
Pi5,Gemma-3-1B,Q4_K_M,"Based on the input, provide the correct spelling of the word.
ambigious",moyen,71,16,3,16,1.63,4.109322908486688e-06,14.8,9.4,6.7,5.95
Pi5,Gemma-3-1B,Q4_K_M,Construct a query that returns information about the Eiffel Tower.,moyen,66,16,1,16,1.52,3.918311451276898e-06,14.1,8.8,6.4,6.06
Pi5,Gemma-3-1B,Q4_K_M,Construct a query that returns information about the Eiffel Tower.,moyen,66,16,2,16,1.52,3.913911350219398e-06,14.1,7.9,5.7,5.79
Pi5,Gemma-3-1B,Q4_K_M,Construct a query that returns information about the Eiffel Tower.,moyen,66,16,3,16,1.52,3.886986747041514e-06,14.0,8.1,5.9,5.96
Pi5,Gemma-3-1B,Q4_K_M,"Create a set from the given input and find its size.
[1, 2, 3, 2, 4, 2]",moyen,71,16,1,16,1.94,4.5619997395034236e-06,16.4,12.0,8.9,6.24
Pi5,Gemma-3-1B,Q4_K_M,"Create a set from the given input and find its size.
[1, 2, 3, 2, 4, 2]",moyen,71,16,2,16,2.04,4.444303802455832e-06,16.0,11.7,8.6,6.1
Pi5,Gemma-3-1B,Q4_K_M,"Create a set from the given input and find its size.
[1, 2, 3, 2, 4, 2]",moyen,71,16,3,16,1.94,4.533309873534732e-06,16.3,11.3,8.4,5.93
Pi5,Gemma-3-1B,Q4_K_M,"What are the different types of characters in the given play?
Macbeth",moyen,69,16,1,16,1.61,4.0572391414021936e-06,14.6,8.7,6.1,5.51
Pi5,Gemma-3-1B,Q4_K_M,"What are the different types of characters in the given play?
Macbeth",moyen,69,16,2,16,1.59,4.024627947831348e-06,14.5,8.2,5.9,5.64
Pi5,Gemma-3-1B,Q4_K_M,"What are the different types of characters in the given play?
Macbeth",moyen,69,16,3,16,1.58,4.0195000420786785e-06,14.5,8.0,5.9,5.93
Pi5,Gemma-3-1B,Q4_K_M,"Find the x-intercept of the line given by the equation.
y = 4x + 10",moyen,67,16,1,16,1.76,4.261206816360563e-06,15.3,10.5,7.6,6.2
Pi5,Gemma-3-1B,Q4_K_M,"Find the x-intercept of the line given by the equation.
y = 4x + 10",moyen,67,16,2,16,1.75,4.261211345894243e-06,15.3,10.5,7.7,6.25
Pi5,Gemma-3-1B,Q4_K_M,"Find the x-intercept of the line given by the equation.
y = 4x + 10",moyen,67,16,3,16,1.77,4.291720217614824e-06,15.5,10.2,7.5,6.04
Pi5,Gemma-3-1B,Q4_K_M,"Identify the most suitable adverb for the following sentence
She works",moyen,70,16,1,16,1.54,3.929232164438497e-06,14.1,8.9,6.5,6.13
Pi5,Gemma-3-1B,Q4_K_M,"Identify the most suitable adverb for the following sentence
She works",moyen,70,16,2,16,1.55,3.960738868353354e-06,14.3,8.1,5.7,5.93
Pi5,Gemma-3-1B,Q4_K_M,"Identify the most suitable adverb for the following sentence
She works",moyen,70,16,3,16,1.56,3.9447423247883915e-06,14.2,8.5,6.1,5.81
Pi5,Gemma-3-1B,Q4_K_M,"Generate a sentence using the words ""caffeine"", ""hunter"", and ""monday"".",moyen,71,16,1,16,1.65,4.130162439833323e-06,14.9,8.2,6.0,6.03
Pi5,Gemma-3-1B,Q4_K_M,"Generate a sentence using the words ""caffeine"", ""hunter"", and ""monday"".",moyen,71,16,2,16,1.65,4.0785160453370036e-06,14.7,8.7,6.2,5.93
Pi5,Gemma-3-1B,Q4_K_M,"Generate a sentence using the words ""caffeine"", ""hunter"", and ""monday"".",moyen,71,16,3,16,1.64,4.093369616897991e-06,14.7,8.6,6.1,5.91
Pi5,Gemma-3-1B,Q4_K_M,"Sort the given words from most to least serious
Sneeze, trip, shout",moyen,67,16,1,16,1.64,4.09073042115587e-06,14.7,9.7,7.0,6.14
Pi5,Gemma-3-1B,Q4_K_M,"Sort the given words from most to least serious
Sneeze, trip, shout",moyen,67,16,2,16,1.65,4.1400982839645285e-06,14.9,8.3,5.9,5.71
Pi5,Gemma-3-1B,Q4_K_M,"Sort the given words from most to least serious
Sneeze, trip, shout",moyen,67,16,3,16,1.66,4.13955111325761e-06,14.9,8.9,6.5,6.07
Pi5,Gemma-3-1B,Q4_K_M,Come up with at least 5 ways to use deep learning in healthcare.,moyen,64,16,1,16,1.61,4.053439599623389e-06,14.6,8.8,6.2,5.56
Pi5,Gemma-3-1B,Q4_K_M,Come up with at least 5 ways to use deep learning in healthcare.,moyen,64,16,2,16,1.6,4.00870754449635e-06,14.4,8.8,6.4,6.04
Pi5,Gemma-3-1B,Q4_K_M,Come up with at least 5 ways to use deep learning in healthcare.,moyen,64,16,3,16,1.61,4.046551390899116e-06,14.6,9.4,6.8,5.93
Pi5,Gemma-3-1B,Q4_K_M,Describe the concept of artificial intelligence in your own words.,moyen,66,16,1,16,1.52,3.88613558144518e-06,14.0,8.1,5.9,5.98
Pi5,Gemma-3-1B,Q4_K_M,Describe the concept of artificial intelligence in your own words.,moyen,66,16,2,16,1.52,3.9019938075101495e-06,14.0,8.3,6.1,6.16
Pi5,Gemma-3-1B,Q4_K_M,Describe the concept of artificial intelligence in your own words.,moyen,66,16,3,16,1.52,3.9653735508937106e-06,14.3,8.3,6.0,6.09
Pi5,Gemma-3-1B,Q4_K_M,Follow the given example and create a poem about a passionate sunset.,moyen,69,16,1,16,1.61,4.042070902408516e-06,14.6,8.8,6.3,5.58
Pi5,Gemma-3-1B,Q4_K_M,Follow the given example and create a poem about a passionate sunset.,moyen,69,16,2,16,1.58,4.032443710271999e-06,14.5,8.9,6.5,6.12
Pi5,Gemma-3-1B,Q4_K_M,Follow the given example and create a poem about a passionate sunset.,moyen,69,16,3,16,1.56,3.975034122164544e-06,14.3,7.5,5.3,5.56
Pi5,Gemma-3-1B,Q4_K_M,"Create three subheadings that could be used to divide the news article.
Tesla announced plans to develop a new battery technology that will increase the range of electric vehicles.",long,180,16,1,16,1.96,4.562108633494215e-06,16.4,12.1,9.0,6.3
Pi5,Gemma-3-1B,Q4_K_M,"Create three subheadings that could be used to divide the news article.
Tesla announced plans to develop a new battery technology that will increase the range of electric vehicles.",long,180,16,2,16,1.98,4.62861221674952e-06,16.7,10.2,7.3,5.62
Pi5,Gemma-3-1B,Q4_K_M,"Create three subheadings that could be used to divide the news article.
Tesla announced plans to develop a new battery technology that will increase the range of electric vehicles.",long,180,16,3,16,1.96,4.584501617221937e-06,16.5,11.1,8.2,6.14
Pi5,Gemma-3-1B,Q4_K_M,"Given a string word and a dictionary of words, determine whether the word is a valid word.
String word: ""hello""
Dictionary of words: { ""hi"", ""bye"", ""hello"", ""world"" }",long,166,16,1,16,2.2,4.716387638500331e-06,17.0,13.6,10.2,6.31
Pi5,Gemma-3-1B,Q4_K_M,"Given a string word and a dictionary of words, determine whether the word is a valid word.
String word: ""hello""
Dictionary of words: { ""hi"", ""bye"", ""hello"", ""world"" }",long,166,16,2,16,2.19,4.704717207461331e-06,16.9,12.6,9.5,6.27
Pi5,Gemma-3-1B,Q4_K_M,"Given a string word and a dictionary of words, determine whether the word is a valid word.
String word: ""hello""
Dictionary of words: { ""hi"", ""bye"", ""hello"", ""world"" }",long,166,16,3,16,2.19,4.686849552807776e-06,16.9,13.3,10.2,6.54
Pi5,Gemma-3-1B,Q4_K_M,"Given the following conditions, formulate a hypothesis.
Temperature, humidity, and precipitation levels are higher during the summer than the winter.",long,149,16,1,16,1.84,4.402232212624695e-06,15.8,11.3,8.3,6.23
Pi5,Gemma-3-1B,Q4_K_M,"Given the following conditions, formulate a hypothesis.
Temperature, humidity, and precipitation levels are higher during the summer than the winter.",long,149,16,2,16,1.94,4.545689590658323e-06,16.4,11.0,8.1,6.08
Pi5,Gemma-3-1B,Q4_K_M,"Given the following conditions, formulate a hypothesis.
Temperature, humidity, and precipitation levels are higher during the summer than the winter.",long,149,16,3,16,1.94,4.581784244027176e-06,16.5,11.0,8.2,6.08
Pi5,Gemma-3-1B,Q4_K_M,"Make an assumption based on the following data.
90% of surveyed software developers work more than 8 hours a day, while only 10% work less than 8 hours a day",long,157,16,1,16,2.09,4.534806068564521e-06,16.3,11.6,8.7,6.39
Pi5,Gemma-3-1B,Q4_K_M,"Make an assumption based on the following data.
90% of surveyed software developers work more than 8 hours a day, while only 10% work less than 8 hours a day",long,157,16,2,16,2.09,4.5322867416501874e-06,16.3,13.0,9.8,6.38
Pi5,Gemma-3-1B,Q4_K_M,"Make an assumption based on the following data.
90% of surveyed software developers work more than 8 hours a day, while only 10% work less than 8 hours a day",long,157,16,3,16,2.1,4.527417883443563e-06,16.3,13.1,9.9,6.42
Pi5,Gemma-3-1B,Q4_K_M,"Given the following details, write a short paragraph about a vacation destination.
Destination: Mexico 
Time of Year: Summer 
Activities: Swimming, fishing, snorkeling, zip-lining",long,179,16,1,16,2.05,4.455230175305333e-06,16.0,12.4,9.3,6.47
Pi5,Gemma-3-1B,Q4_K_M,"Given the following details, write a short paragraph about a vacation destination.
Destination: Mexico 
Time of Year: Summer 
Activities: Swimming, fishing, snorkeling, zip-lining",long,179,16,2,16,2.06,4.487652703698457e-06,16.2,12.7,9.3,6.23
Pi5,Gemma-3-1B,Q4_K_M,"Given the following details, write a short paragraph about a vacation destination.
Destination: Mexico 
Time of Year: Summer 
Activities: Swimming, fishing, snorkeling, zip-lining",long,179,16,3,16,2.07,4.472980844477892e-06,16.1,12.4,9.1,6.07
Pi5,Gemma-3-1B,Q4_K_M,"Generate a random password with 8 characters containing at least one number, one special character, one capital letter and one lowercase letter.",long,144,16,1,16,1.82,4.383392301839499e-06,15.8,10.4,7.7,6.16
Pi5,Gemma-3-1B,Q4_K_M,"Generate a random password with 8 characters containing at least one number, one special character, one capital letter and one lowercase letter.",long,144,16,2,16,1.84,4.406218092208785e-06,15.9,10.3,7.6,6.09
Pi5,Gemma-3-1B,Q4_K_M,"Generate a random password with 8 characters containing at least one number, one special character, one capital letter and one lowercase letter.",long,144,16,3,16,1.91,4.506965692949146e-06,16.2,10.4,7.5,5.84
Pi5,Gemma-3-1B,Q4_K_M,"Edit the following to make it suitable for school-aged children.
Bob and Bill were arguing over who was the best player on the basketball team.",long,143,16,1,16,1.91,4.508878014378312e-06,16.2,11.4,8.5,6.29
Pi5,Gemma-3-1B,Q4_K_M,"Edit the following to make it suitable for school-aged children.
Bob and Bill were arguing over who was the best player on the basketball team.",long,143,16,2,16,1.9,4.510161702850953e-06,16.2,10.2,7.3,5.65
Pi5,Gemma-3-1B,Q4_K_M,"Edit the following to make it suitable for school-aged children.
Bob and Bill were arguing over who was the best player on the basketball team.",long,143,16,3,16,1.91,4.509478678861161e-06,16.2,11.1,8.1,6.1
Pi5,Gemma-3-1B,Q4_K_M,"Given a description of a situation, provide an appropriate ethical judgement.
A chef was not happy with the performance of a waiter, so he yelled and cursed at him in front of other people.",long,189,16,1,16,2.07,4.471943337984384e-06,16.1,13.2,9.9,6.47
Pi5,Gemma-3-1B,Q4_K_M,"Given a description of a situation, provide an appropriate ethical judgement.
A chef was not happy with the performance of a waiter, so he yelled and cursed at him in front of other people.",long,189,16,2,16,2.06,4.460009799871786e-06,16.1,13.2,9.9,6.49
Pi5,Gemma-3-1B,Q4_K_M,"Given a description of a situation, provide an appropriate ethical judgement.
A chef was not happy with the performance of a waiter, so he yelled and cursed at him in front of other people.",long,189,16,3,16,2.07,4.475316739280751e-06,16.1,12.5,9.4,6.51
Pi5,Gemma-3-1B,Q4_K_M,"Rewrite this poem to make it more vivid and interesting.
Once I had a house
where I made a thousand memories
It served me well
but now I'm gone",long,143,16,1,16,2.02,4.398322869409811e-06,15.8,12.2,9.2,6.4
Pi5,Gemma-3-1B,Q4_K_M,"Rewrite this poem to make it more vivid and interesting.
Once I had a house
where I made a thousand memories
It served me well
but now I'm gone",long,143,16,2,16,2.02,4.4289758605774405e-06,15.9,11.9,8.9,6.55
Pi5,Gemma-3-1B,Q4_K_M,"Rewrite this poem to make it more vivid and interesting.
Once I had a house
where I made a thousand memories
It served me well
but now I'm gone",long,143,16,3,16,2.01,4.403194590237397e-06,15.9,12.1,9.1,6.32
Pi5,Gemma-3-1B,Q4_K_M,"Categorize the following text into one of the genres: Comedy, Thriller, Romance, or Drama.
Two kids from very different backgrounds meet in summer camp and form an unlikely friendship.",long,184,16,1,16,2.09,4.52283214186717e-06,16.3,12.0,8.9,6.26
Pi5,Gemma-3-1B,Q4_K_M,"Categorize the following text into one of the genres: Comedy, Thriller, Romance, or Drama.
Two kids from very different backgrounds meet in summer camp and form an unlikely friendship.",long,184,16,2,16,2.06,4.448641509361192e-06,16.0,12.3,9.3,6.4
Pi5,Gemma-3-1B,Q4_K_M,"Categorize the following text into one of the genres: Comedy, Thriller, Romance, or Drama.
Two kids from very different backgrounds meet in summer camp and form an unlikely friendship.",long,184,16,3,16,2.07,4.463027355153476e-06,16.1,11.8,8.7,6.18
Pi5,Gemma-3-1B,Q4_K_M,"Label the following news article as either ""Political"" or ""Entertainment""
Ansel Elgort and Gabrielle Union have both been cast in a new romantic summer movie to be released in 2022.",long,181,16,1,16,2.18,4.668904227330206e-06,16.8,13.3,9.9,6.5
Pi5,Gemma-3-1B,Q4_K_M,"Label the following news article as either ""Political"" or ""Entertainment""
Ansel Elgort and Gabrielle Union have both been cast in a new romantic summer movie to be released in 2022.",long,181,16,2,16,2.14,4.617559762306137e-06,16.6,12.8,9.6,6.37
Pi5,Gemma-3-1B,Q4_K_M,"Label the following news article as either ""Political"" or ""Entertainment""
Ansel Elgort and Gabrielle Union have both been cast in a new romantic summer movie to be released in 2022.",long,181,16,3,16,2.15,4.606685362615136e-06,16.6,12.7,9.4,6.29
Pi5,Gemma-3-1B,Q4_K_M,"Identify the sentence in the given paragraph that contains all the given words.
Words: happiness, life, strive 
Paragraph:
Living your best life means striving for happiness in all aspects of life. Happiness can be found in the small daily moments, but also through being content with what you have. You don’t need to struggle to be content. You just need to shift how you look at life in order to see the beauty that already exists.",long,433,16,1,16,3.12,9.943763583786534e-06,35.8,20.7,16.2,7.01
Pi5,Gemma-3-1B,Q4_K_M,"Identify the sentence in the given paragraph that contains all the given words.
Words: happiness, life, strive 
Paragraph:
Living your best life means striving for happiness in all aspects of life. Happiness can be found in the small daily moments, but also through being content with what you have. You don’t need to struggle to be content. You just need to shift how you look at life in order to see the beauty that already exists.",long,433,16,2,16,3.12,9.96066005786811e-06,35.9,20.9,16.4,7.15
Pi5,Gemma-3-1B,Q4_K_M,"Identify the sentence in the given paragraph that contains all the given words.
Words: happiness, life, strive 
Paragraph:
Living your best life means striving for happiness in all aspects of life. Happiness can be found in the small daily moments, but also through being content with what you have. You don’t need to struggle to be content. You just need to shift how you look at life in order to see the beauty that already exists.",long,433,16,3,16,3.14,9.939387294284368e-06,35.8,20.2,15.8,7.13
Pi5,Gemma-3-1B,Q4_K_M,"Frame a one-sentence hypothesis given the following information.
The goal of the study is to analyze the impact of online learning platforms on student performance.",long,164,16,1,16,1.87,4.449821745423427e-06,16.0,11.7,8.8,6.46
Pi5,Gemma-3-1B,Q4_K_M,"Frame a one-sentence hypothesis given the following information.
The goal of the study is to analyze the impact of online learning platforms on student performance.",long,164,16,2,16,1.91,4.495929548312876e-06,16.2,11.3,8.3,6.24
Pi5,Gemma-3-1B,Q4_K_M,"Frame a one-sentence hypothesis given the following information.
The goal of the study is to analyze the impact of online learning platforms on student performance.",long,164,16,3,16,1.94,4.555104090439219e-06,16.4,10.4,7.6,5.73
Pi5,Gemma-3-1B,Q4_K_M,"Identify if the given sentence is a rhetorical question or not. Output 1 for rhetorical question, and 0 for not.
Are you out of your mind?",long,138,16,1,10,1.57,3.981349668641328e-06,14.3,8.8,6.7,6.48
Pi5,Gemma-3-1B,Q4_K_M,"Identify if the given sentence is a rhetorical question or not. Output 1 for rhetorical question, and 0 for not.
Are you out of your mind?",long,138,16,2,10,1.58,4.057301527387867e-06,14.6,8.9,6.6,6.08
Pi5,Gemma-3-1B,Q4_K_M,"Identify if the given sentence is a rhetorical question or not. Output 1 for rhetorical question, and 0 for not.
Are you out of your mind?",long,138,16,3,10,1.56,3.987958232939475e-06,14.4,9.2,7.2,6.76
Pi5,Gemma-3-1B,Q4_K_M,"Create a short news article summarizing the following information.
A new report from the World Health Organization suggests that mental health in adolescents is declining due to increased social media and technology use.",long,220,16,1,16,2.02,4.410915196832464e-06,15.9,10.9,7.8,5.71
Pi5,Gemma-3-1B,Q4_K_M,"Create a short news article summarizing the following information.
A new report from the World Health Organization suggests that mental health in adolescents is declining due to increased social media and technology use.",long,220,16,2,16,2.01,4.37676619404826e-06,15.8,12.6,9.5,6.57
Pi5,Gemma-3-1B,Q4_K_M,"Create a short news article summarizing the following information.
A new report from the World Health Organization suggests that mental health in adolescents is declining due to increased social media and technology use.",long,220,16,3,16,2.03,4.421805922422453e-06,15.9,12.3,9.3,6.45
Pi5,Gemma-3-1B,Q4_K_M,Does cognitive empathy exist?,court,29,64,1,64,5.26,1.0363709644655157e-05,37.3,29.6,20.7,5.77
Pi5,Gemma-3-1B,Q4_K_M,Does cognitive empathy exist?,court,29,64,2,64,5.38,1.0588624511553119e-05,38.1,29.9,20.9,5.68
Pi5,Gemma-3-1B,Q4_K_M,Does cognitive empathy exist?,court,29,64,3,64,5.26,1.0374337546782603e-05,37.3,29.0,20.1,5.74
Pi5,Gemma-3-1B,Q4_K_M,Generate a movie review,court,23,64,1,64,5.24,1.028571409864953e-05,37.0,28.8,20.1,5.69
Pi5,Gemma-3-1B,Q4_K_M,Generate a movie review,court,23,64,2,64,5.24,1.025629642256624e-05,36.9,29.0,20.1,5.76
Pi5,Gemma-3-1B,Q4_K_M,Generate a movie review,court,23,64,3,64,5.23,1.0317134532262219e-05,37.1,29.0,20.4,5.77
Pi5,Gemma-3-1B,Q4_K_M,Identify popular dishes in Mexico.,court,34,64,1,64,5.27,1.038296274563832e-05,37.4,29.8,20.8,5.75
Pi5,Gemma-3-1B,Q4_K_M,Identify popular dishes in Mexico.,court,34,64,2,64,5.3,1.0412546948078946e-05,37.5,31.0,21.9,5.87
Pi5,Gemma-3-1B,Q4_K_M,Identify popular dishes in Mexico.,court,34,64,3,64,5.27,1.0379399583259391e-05,37.4,29.7,20.7,5.76
Pi5,Gemma-3-1B,Q4_K_M,What is unique about a hyperbole?,court,33,64,1,64,5.52,1.1949496140370876e-05,43.0,30.7,21.5,5.7
Pi5,Gemma-3-1B,Q4_K_M,What is unique about a hyperbole?,court,33,64,2,64,5.31,1.0449479184942928e-05,37.6,29.9,20.7,5.76
Pi5,Gemma-3-1B,Q4_K_M,What is unique about a hyperbole?,court,33,64,3,64,5.3,1.0487060890656025e-05,37.8,29.4,20.6,5.81
Pi5,Gemma-3-1B,Q4_K_M,Write an emergency response plan,court,32,64,1,64,5.24,1.0354161623095202e-05,37.3,29.3,20.4,5.7
Pi5,Gemma-3-1B,Q4_K_M,Write an emergency response plan,court,32,64,2,64,5.24,1.0293768914641327e-05,37.1,30.4,21.5,5.88
Pi5,Gemma-3-1B,Q4_K_M,Write an emergency response plan,court,32,64,3,64,5.24,1.0319487452471925e-05,37.2,29.7,20.7,5.76
Pi5,Gemma-3-1B,Q4_K_M,Generate a quiz about physics.,court,30,64,1,64,5.29,1.044097359894966e-05,37.6,29.6,20.6,5.66
Pi5,Gemma-3-1B,Q4_K_M,Generate a quiz about physics.,court,30,64,2,64,5.29,1.0462504911729294e-05,37.7,30.0,20.9,5.73
Pi5,Gemma-3-1B,Q4_K_M,Generate a quiz about physics.,court,30,64,3,64,5.3,1.0429946876602755e-05,37.5,30.3,21.3,5.84
Pi5,Gemma-3-1B,Q4_K_M,Develop a metaphor for hope.,court,28,64,1,64,5.28,1.0438650268674662e-05,37.6,29.6,20.5,5.64
Pi5,Gemma-3-1B,Q4_K_M,Develop a metaphor for hope.,court,28,64,2,64,5.28,1.0406286820843528e-05,37.5,29.3,20.4,5.7
Pi5,Gemma-3-1B,Q4_K_M,Develop a metaphor for hope.,court,28,64,3,64,5.28,1.0439310619344456e-05,37.6,29.4,20.6,5.8
Pi5,Gemma-3-1B,Q4_K_M,"Summarize the poem ""Beat! Beat! Drums!""",court,39,64,1,64,5.38,1.0706515860532526e-05,38.5,31.7,22.4,5.91
Pi5,Gemma-3-1B,Q4_K_M,"Summarize the poem ""Beat! Beat! Drums!""",court,39,64,2,64,5.37,1.0668144325385827e-05,38.4,30.1,21.1,5.82
Pi5,Gemma-3-1B,Q4_K_M,"Summarize the poem ""Beat! Beat! Drums!""",court,39,64,3,64,5.39,1.0911570888664393e-05,39.3,31.5,22.3,5.88
Pi5,Gemma-3-1B,Q4_K_M,Describe the primary colors.,court,28,64,1,13,1.22,2.883470907206429e-06,10.4,6.8,4.8,5.99
Pi5,Gemma-3-1B,Q4_K_M,Describe the primary colors.,court,28,64,2,13,1.25,2.9577062784543457e-06,10.6,6.3,4.3,5.59
Pi5,Gemma-3-1B,Q4_K_M,Describe the primary colors.,court,28,64,3,13,1.25,2.960546524006482e-06,10.7,7.0,4.8,5.69
Pi5,Gemma-3-1B,Q4_K_M,Name two first aid treatments for a cut.,court,40,64,1,64,5.35,1.0627053421202529e-05,38.3,30.4,21.5,5.86
Pi5,Gemma-3-1B,Q4_K_M,Name two first aid treatments for a cut.,court,40,64,2,64,5.35,1.0656282402176843e-05,38.4,30.8,21.8,5.84
Pi5,Gemma-3-1B,Q4_K_M,Name two first aid treatments for a cut.,court,40,64,3,64,5.36,1.071329553062581e-05,38.6,29.2,20.4,5.68
Pi5,Gemma-3-1B,Q4_K_M,Write one sentence about handwashing.,court,37,64,1,19,1.75,4.281055321781788e-06,15.4,9.3,6.6,5.87
Pi5,Gemma-3-1B,Q4_K_M,Write one sentence about handwashing.,court,37,64,2,19,1.77,4.286736434460205e-06,15.4,8.7,6.0,5.51
Pi5,Gemma-3-1B,Q4_K_M,Write one sentence about handwashing.,court,37,64,3,19,1.75,4.243924006638946e-06,15.3,8.4,5.8,5.34
Pi5,Gemma-3-1B,Q4_K_M,Who is Samantha Andrews?,court,24,64,1,64,5.28,1.0485055875134803e-05,37.7,29.0,20.2,5.76
Pi5,Gemma-3-1B,Q4_K_M,Who is Samantha Andrews?,court,24,64,2,64,5.29,1.0466746564309093e-05,37.7,29.9,20.6,5.76
Pi5,Gemma-3-1B,Q4_K_M,Who is Samantha Andrews?,court,24,64,3,64,5.25,1.0401081306245388e-05,37.4,29.7,20.6,5.68
Pi5,Gemma-3-1B,Q4_K_M,What year did WW2 start?,court,24,64,1,27,2.48,5.395950292989944e-06,19.4,12.8,8.8,5.45
Pi5,Gemma-3-1B,Q4_K_M,What year did WW2 start?,court,24,64,2,27,2.41,5.35635695066905e-06,19.3,11.8,8.0,5.22
Pi5,Gemma-3-1B,Q4_K_M,What year did WW2 start?,court,24,64,3,27,2.4,5.300029457328893e-06,19.1,12.9,9.0,5.74
Pi5,Gemma-3-1B,Q4_K_M,Give 10 features of the sun.,court,28,64,1,64,5.46,1.1078110188473798e-05,39.9,30.0,20.9,5.58
Pi5,Gemma-3-1B,Q4_K_M,Give 10 features of the sun.,court,28,64,2,64,5.39,1.0680078326976901e-05,38.4,29.7,20.6,5.64
Pi5,Gemma-3-1B,Q4_K_M,Give 10 features of the sun.,court,28,64,3,64,5.34,1.0602467092499749e-05,38.2,29.9,20.8,5.77
Pi5,Gemma-3-1B,Q4_K_M,Write a mock newspaper headline.,court,32,64,1,64,5.29,1.0428877701727393e-05,37.5,30.0,20.9,5.8
Pi5,Gemma-3-1B,Q4_K_M,Write a mock newspaper headline.,court,32,64,2,64,5.29,1.0408423813027945e-05,37.5,29.9,20.8,5.79
Pi5,Gemma-3-1B,Q4_K_M,Write a mock newspaper headline.,court,32,64,3,64,5.29,1.0417844668272611e-05,37.5,29.0,20.0,5.54
Pi5,Gemma-3-1B,Q4_K_M,Create a data visualization of the latest COVID-19 cases in the US.,moyen,67,64,1,64,5.47,1.1057706516628477e-05,39.8,30.9,21.7,5.86
Pi5,Gemma-3-1B,Q4_K_M,Create a data visualization of the latest COVID-19 cases in the US.,moyen,67,64,2,64,5.47,1.110381039734085e-05,40.0,31.2,22.1,5.92
Pi5,Gemma-3-1B,Q4_K_M,Create a data visualization of the latest COVID-19 cases in the US.,moyen,67,64,3,64,5.47,1.1108719545117873e-05,40.0,31.4,22.0,5.8
Pi5,Gemma-3-1B,Q4_K_M,"Calculate the price after discount.
Regular price: $100, Discount: 15%",moyen,70,64,1,48,4.36,8.840878356745473e-06,31.8,25.3,18.1,5.93
Pi5,Gemma-3-1B,Q4_K_M,"Calculate the price after discount.
Regular price: $100, Discount: 15%",moyen,70,64,2,48,4.37,8.85577514226829e-06,31.9,24.4,17.2,5.79
Pi5,Gemma-3-1B,Q4_K_M,"Calculate the price after discount.
Regular price: $100, Discount: 15%",moyen,70,64,3,48,4.38,8.933674809465375e-06,32.2,24.7,17.6,5.93
Pi5,Gemma-3-1B,Q4_K_M,"Parse the given sentence grammatically.
The small jar sat on the shelf.",moyen,71,64,1,64,5.45,1.1005014228372318e-05,39.6,31.6,22.3,5.89
Pi5,Gemma-3-1B,Q4_K_M,"Parse the given sentence grammatically.
The small jar sat on the shelf.",moyen,71,64,2,64,5.47,1.105651981657639e-05,39.8,30.7,21.4,5.72
Pi5,Gemma-3-1B,Q4_K_M,"Parse the given sentence grammatically.
The small jar sat on the shelf.",moyen,71,64,3,64,5.84,1.29545959872705e-05,46.6,33.0,23.3,5.87
Pi5,Gemma-3-1B,Q4_K_M,"Rewrite the given program in Java.
a = 4
b = 5
c = a + b
print(c)",moyen,65,64,1,64,5.73,1.1664922839385477e-05,42.0,32.1,22.9,5.83
Pi5,Gemma-3-1B,Q4_K_M,"Rewrite the given program in Java.
a = 4
b = 5
c = a + b
print(c)",moyen,65,64,2,64,5.71,1.1781423980318684e-05,42.4,33.9,24.1,6.04
Pi5,Gemma-3-1B,Q4_K_M,"Rewrite the given program in Java.
a = 4
b = 5
c = a + b
print(c)",moyen,65,64,3,64,5.72,1.1689513336768217e-05,42.1,33.5,24.0,5.93
Pi5,Gemma-3-1B,Q4_K_M,"Based on the input, provide the correct spelling of the word.
ambigious",moyen,71,64,1,21,2.11,4.534478162396211e-06,16.3,11.5,8.4,6.05
Pi5,Gemma-3-1B,Q4_K_M,"Based on the input, provide the correct spelling of the word.
ambigious",moyen,71,64,2,21,2.11,4.548603894916007e-06,16.4,11.3,8.0,5.58
Pi5,Gemma-3-1B,Q4_K_M,"Based on the input, provide the correct spelling of the word.
ambigious",moyen,71,64,3,21,2.12,4.597127419923998e-06,16.5,12.3,8.9,6.05
Pi5,Gemma-3-1B,Q4_K_M,Construct a query that returns information about the Eiffel Tower.,moyen,66,64,1,64,5.36,1.0649432060804319e-05,38.3,28.8,20.2,5.69
Pi5,Gemma-3-1B,Q4_K_M,Construct a query that returns information about the Eiffel Tower.,moyen,66,64,2,64,5.38,1.0704733163926432e-05,38.5,29.9,20.8,5.68
Pi5,Gemma-3-1B,Q4_K_M,Construct a query that returns information about the Eiffel Tower.,moyen,66,64,3,64,5.37,1.068675917145806e-05,38.5,30.0,21.1,5.78
Pi5,Gemma-3-1B,Q4_K_M,"Create a set from the given input and find its size.
[1, 2, 3, 2, 4, 2]",moyen,71,64,1,64,5.78,1.1712212694875471e-05,42.2,32.8,23.3,5.84
Pi5,Gemma-3-1B,Q4_K_M,"Create a set from the given input and find its size.
[1, 2, 3, 2, 4, 2]",moyen,71,64,2,64,5.77,1.1669487732182823e-05,42.0,33.7,23.8,5.93
Pi5,Gemma-3-1B,Q4_K_M,"Create a set from the given input and find its size.
[1, 2, 3, 2, 4, 2]",moyen,71,64,3,64,5.78,1.1821437794856722e-05,42.6,32.7,23.2,5.82
Pi5,Gemma-3-1B,Q4_K_M,"What are the different types of characters in the given play?
Macbeth",moyen,69,64,1,64,5.45,1.099108360282783e-05,39.6,31.1,21.8,5.74
Pi5,Gemma-3-1B,Q4_K_M,"What are the different types of characters in the given play?
Macbeth",moyen,69,64,2,64,5.57,1.2463701595277925e-05,44.9,30.3,21.5,5.75
Pi5,Gemma-3-1B,Q4_K_M,"What are the different types of characters in the given play?
Macbeth",moyen,69,64,3,64,5.46,1.1102259301854907e-05,40.0,30.4,21.1,5.76
Pi5,Gemma-3-1B,Q4_K_M,"Find the x-intercept of the line given by the equation.
y = 4x + 10",moyen,67,64,1,64,5.62,1.1487600183806388e-05,41.4,31.7,22.5,5.85
Pi5,Gemma-3-1B,Q4_K_M,"Find the x-intercept of the line given by the equation.
y = 4x + 10",moyen,67,64,2,64,5.61,1.1427693473767088e-05,41.1,31.5,22.2,5.85
Pi5,Gemma-3-1B,Q4_K_M,"Find the x-intercept of the line given by the equation.
y = 4x + 10",moyen,67,64,3,64,5.64,1.1504597974890866e-05,41.4,33.0,23.4,5.93
Pi5,Gemma-3-1B,Q4_K_M,"Identify the most suitable adverb for the following sentence
She works",moyen,70,64,1,64,5.4,1.0820633825692572e-05,39.0,30.2,21.3,5.82
Pi5,Gemma-3-1B,Q4_K_M,"Identify the most suitable adverb for the following sentence
She works",moyen,70,64,2,64,5.51,1.1034142940308607e-05,39.7,30.9,21.8,5.74
Pi5,Gemma-3-1B,Q4_K_M,"Identify the most suitable adverb for the following sentence
She works",moyen,70,64,3,64,5.4,1.0863862632022907e-05,39.1,31.6,22.3,5.92
Pi5,Gemma-3-1B,Q4_K_M,"Generate a sentence using the words ""caffeine"", ""hunter"", and ""monday"".",moyen,71,64,1,42,3.81,8.10242795598457e-06,29.2,19.4,13.2,5.38
Pi5,Gemma-3-1B,Q4_K_M,"Generate a sentence using the words ""caffeine"", ""hunter"", and ""monday"".",moyen,71,64,2,42,3.81,8.118660992615933e-06,29.2,22.4,15.9,6.08
Pi5,Gemma-3-1B,Q4_K_M,"Generate a sentence using the words ""caffeine"", ""hunter"", and ""monday"".",moyen,71,64,3,42,3.8,8.10359006016877e-06,29.2,21.2,14.8,5.72
Pi5,Gemma-3-1B,Q4_K_M,"Sort the given words from most to least serious
Sneeze, trip, shout",moyen,67,64,1,64,5.49,1.1225018788918638e-05,40.4,31.7,22.6,5.87
Pi5,Gemma-3-1B,Q4_K_M,"Sort the given words from most to least serious
Sneeze, trip, shout",moyen,67,64,2,64,5.48,1.1127847599088637e-05,40.1,29.3,20.3,5.55
Pi5,Gemma-3-1B,Q4_K_M,"Sort the given words from most to least serious
Sneeze, trip, shout",moyen,67,64,3,64,5.51,1.122022319490741e-05,40.4,31.9,22.5,5.81
Pi5,Gemma-3-1B,Q4_K_M,Come up with at least 5 ways to use deep learning in healthcare.,moyen,64,64,1,64,5.56,1.2043656887156689e-05,43.4,31.7,22.4,5.86
Pi5,Gemma-3-1B,Q4_K_M,Come up with at least 5 ways to use deep learning in healthcare.,moyen,64,64,2,64,5.49,1.1039162104081691e-05,39.7,29.7,20.7,5.54
Pi5,Gemma-3-1B,Q4_K_M,Come up with at least 5 ways to use deep learning in healthcare.,moyen,64,64,3,64,5.43,1.0896596582376289e-05,39.2,31.4,22.4,5.97
Pi5,Gemma-3-1B,Q4_K_M,Describe the concept of artificial intelligence in your own words.,moyen,66,64,1,64,5.36,1.0625153040484725e-05,38.3,29.0,20.3,5.59
Pi5,Gemma-3-1B,Q4_K_M,Describe the concept of artificial intelligence in your own words.,moyen,66,64,2,64,5.41,1.0754355256134386e-05,38.7,31.1,21.9,5.89
Pi5,Gemma-3-1B,Q4_K_M,Describe the concept of artificial intelligence in your own words.,moyen,66,64,3,64,5.36,1.0643743518312517e-05,38.3,30.4,21.6,5.89
Pi5,Gemma-3-1B,Q4_K_M,Follow the given example and create a poem about a passionate sunset.,moyen,69,64,1,64,5.4,1.0844864488337047e-05,39.0,30.5,21.4,5.83
Pi5,Gemma-3-1B,Q4_K_M,Follow the given example and create a poem about a passionate sunset.,moyen,69,64,2,64,5.4,1.0820181989959796e-05,39.0,30.1,21.0,5.81
Pi5,Gemma-3-1B,Q4_K_M,Follow the given example and create a poem about a passionate sunset.,moyen,69,64,3,64,5.49,1.0989303419295176e-05,39.6,30.9,21.6,5.76
Pi5,Gemma-3-1B,Q4_K_M,"Create three subheadings that could be used to divide the news article.
Tesla announced plans to develop a new battery technology that will increase the range of electric vehicles.",long,180,64,1,64,5.8,1.1735713386070068e-05,42.2,33.5,23.9,6.07
Pi5,Gemma-3-1B,Q4_K_M,"Create three subheadings that could be used to divide the news article.
Tesla announced plans to develop a new battery technology that will increase the range of electric vehicles.",long,180,64,2,64,5.81,1.1768411774439172e-05,42.4,34.1,24.4,5.94
Pi5,Gemma-3-1B,Q4_K_M,"Create three subheadings that could be used to divide the news article.
Tesla announced plans to develop a new battery technology that will increase the range of electric vehicles.",long,180,64,3,64,5.82,1.1791004746584122e-05,42.4,34.5,25.0,6.18
Pi5,Gemma-3-1B,Q4_K_M,"Given a string word and a dictionary of words, determine whether the word is a valid word.
String word: ""hello""
Dictionary of words: { ""hi"", ""bye"", ""hello"", ""world"" }",long,166,64,1,64,6.04,1.1720750063270725e-05,42.2,36.9,26.9,6.18
Pi5,Gemma-3-1B,Q4_K_M,"Given a string word and a dictionary of words, determine whether the word is a valid word.
String word: ""hello""
Dictionary of words: { ""hi"", ""bye"", ""hello"", ""world"" }",long,166,64,2,64,6.15,1.192416136344175e-05,42.9,35.7,25.8,5.98
Pi5,Gemma-3-1B,Q4_K_M,"Given a string word and a dictionary of words, determine whether the word is a valid word.
String word: ""hello""
Dictionary of words: { ""hi"", ""bye"", ""hello"", ""world"" }",long,166,64,3,64,6.07,1.1808966015849657e-05,42.5,37.5,27.5,6.21
Pi5,Gemma-3-1B,Q4_K_M,"Given the following conditions, formulate a hypothesis.
Temperature, humidity, and precipitation levels are higher during the summer than the winter.",long,149,64,1,64,5.7,1.1659293067696248e-05,42.0,32.8,23.3,5.88
Pi5,Gemma-3-1B,Q4_K_M,"Given the following conditions, formulate a hypothesis.
Temperature, humidity, and precipitation levels are higher during the summer than the winter.",long,149,64,2,64,5.7,1.1622279701520381e-05,41.8,33.5,23.8,5.95
Pi5,Gemma-3-1B,Q4_K_M,"Given the following conditions, formulate a hypothesis.
Temperature, humidity, and precipitation levels are higher during the summer than the winter.",long,149,64,3,64,5.71,1.1624827879435513e-05,41.8,34.0,24.2,5.97
Pi5,Gemma-3-1B,Q4_K_M,"Make an assumption based on the following data.
90% of surveyed software developers work more than 8 hours a day, while only 10% work less than 8 hours a day",long,157,64,1,64,5.97,1.2089727680482974e-05,43.5,34.6,24.8,5.91
Pi5,Gemma-3-1B,Q4_K_M,"Make an assumption based on the following data.
90% of surveyed software developers work more than 8 hours a day, while only 10% work less than 8 hours a day",long,157,64,2,64,5.96,1.2011872128164695e-05,43.2,33.3,23.9,5.9
Pi5,Gemma-3-1B,Q4_K_M,"Make an assumption based on the following data.
90% of surveyed software developers work more than 8 hours a day, while only 10% work less than 8 hours a day",long,157,64,3,64,5.96,1.205795102407904e-05,43.4,34.4,24.5,5.89
Pi5,Gemma-3-1B,Q4_K_M,"Given the following details, write a short paragraph about a vacation destination.
Destination: Mexico 
Time of Year: Summer 
Activities: Swimming, fishing, snorkeling, zip-lining",long,179,64,1,64,5.92,1.199529384083687e-05,43.2,34.4,24.6,6.01
Pi5,Gemma-3-1B,Q4_K_M,"Given the following details, write a short paragraph about a vacation destination.
Destination: Mexico 
Time of Year: Summer 
Activities: Swimming, fishing, snorkeling, zip-lining",long,179,64,2,64,5.95,1.2009946914246256e-05,43.2,35.0,25.3,6.0
Pi5,Gemma-3-1B,Q4_K_M,"Given the following details, write a short paragraph about a vacation destination.
Destination: Mexico 
Time of Year: Summer 
Activities: Swimming, fishing, snorkeling, zip-lining",long,179,64,3,64,5.93,1.2030753671095695e-05,43.3,35.2,25.3,6.01
Pi5,Gemma-3-1B,Q4_K_M,"Generate a random password with 8 characters containing at least one number, one special character, one capital letter and one lowercase letter.",long,144,64,1,64,5.69,1.157822275501029e-05,41.7,32.3,22.9,5.9
Pi5,Gemma-3-1B,Q4_K_M,"Generate a random password with 8 characters containing at least one number, one special character, one capital letter and one lowercase letter.",long,144,64,2,64,5.69,1.1519100653077704e-05,41.5,32.9,23.4,5.89
Pi5,Gemma-3-1B,Q4_K_M,"Generate a random password with 8 characters containing at least one number, one special character, one capital letter and one lowercase letter.",long,144,64,3,64,5.8,1.1877522545733048e-05,42.8,34.0,24.5,6.02
Pi5,Gemma-3-1B,Q4_K_M,"Edit the following to make it suitable for school-aged children.
Bob and Bill were arguing over who was the best player on the basketball team.",long,143,64,1,64,5.75,1.1695534293666317e-05,42.1,33.2,23.6,5.91
Pi5,Gemma-3-1B,Q4_K_M,"Edit the following to make it suitable for school-aged children.
Bob and Bill were arguing over who was the best player on the basketball team.",long,143,64,2,64,5.77,1.1732812827373963e-05,42.2,32.7,23.1,5.83
Pi5,Gemma-3-1B,Q4_K_M,"Edit the following to make it suitable for school-aged children.
Bob and Bill were arguing over who was the best player on the basketball team.",long,143,64,3,64,5.77,1.1719022021180094e-05,42.2,32.6,23.0,5.67
Pi5,Gemma-3-1B,Q4_K_M,"Given a description of a situation, provide an appropriate ethical judgement.
A chef was not happy with the performance of a waiter, so he yelled and cursed at him in front of other people.",long,189,64,1,64,5.97,1.2086075118891714e-05,43.5,34.0,24.3,5.82
Pi5,Gemma-3-1B,Q4_K_M,"Given a description of a situation, provide an appropriate ethical judgement.
A chef was not happy with the performance of a waiter, so he yelled and cursed at him in front of other people.",long,189,64,2,64,5.94,1.2026603399803504e-05,43.3,36.0,26.0,6.14
Pi5,Gemma-3-1B,Q4_K_M,"Given a description of a situation, provide an appropriate ethical judgement.
A chef was not happy with the performance of a waiter, so he yelled and cursed at him in front of other people.",long,189,64,3,64,5.94,1.200594919343238e-05,43.2,35.4,25.1,5.98
Pi5,Gemma-3-1B,Q4_K_M,"Rewrite this poem to make it more vivid and interesting.
Once I had a house
where I made a thousand memories
It served me well
but now I'm gone",long,143,64,1,64,5.87,1.1939245845826085e-05,43.0,34.6,24.9,5.95
Pi5,Gemma-3-1B,Q4_K_M,"Rewrite this poem to make it more vivid and interesting.
Once I had a house
where I made a thousand memories
It served me well
but now I'm gone",long,143,64,2,64,5.9,1.1885707958870939e-05,42.8,34.9,24.8,5.94
Pi5,Gemma-3-1B,Q4_K_M,"Rewrite this poem to make it more vivid and interesting.
Once I had a house
where I made a thousand memories
It served me well
but now I'm gone",long,143,64,3,64,5.97,1.2203949801929677e-05,43.9,35.3,25.4,6.03
Pi5,Gemma-3-1B,Q4_K_M,"Categorize the following text into one of the genres: Comedy, Thriller, Romance, or Drama.
Two kids from very different backgrounds meet in summer camp and form an unlikely friendship.",long,184,64,1,64,5.92,1.1978830185494093e-05,43.1,34.8,25.3,6.09
Pi5,Gemma-3-1B,Q4_K_M,"Categorize the following text into one of the genres: Comedy, Thriller, Romance, or Drama.
Two kids from very different backgrounds meet in summer camp and form an unlikely friendship.",long,184,64,2,64,5.94,1.1964383192109407e-05,43.1,35.6,25.5,6.02
Pi5,Gemma-3-1B,Q4_K_M,"Categorize the following text into one of the genres: Comedy, Thriller, Romance, or Drama.
Two kids from very different backgrounds meet in summer camp and form an unlikely friendship.",long,184,64,3,64,5.92,1.1990200333437551e-05,43.2,33.4,23.8,5.82
Pi5,Gemma-3-1B,Q4_K_M,"Label the following news article as either ""Political"" or ""Entertainment""
Ansel Elgort and Gabrielle Union have both been cast in a new romantic summer movie to be released in 2022.",long,181,64,1,64,6.08,1.2174508677588918e-05,43.8,36.7,26.8,6.13
Pi5,Gemma-3-1B,Q4_K_M,"Label the following news article as either ""Political"" or ""Entertainment""
Ansel Elgort and Gabrielle Union have both been cast in a new romantic summer movie to be released in 2022.",long,181,64,2,64,6.02,1.174054400158708e-05,42.3,34.1,24.2,5.82
Pi5,Gemma-3-1B,Q4_K_M,"Label the following news article as either ""Political"" or ""Entertainment""
Ansel Elgort and Gabrielle Union have both been cast in a new romantic summer movie to be released in 2022.",long,181,64,3,64,6.01,1.1659807335576008e-05,42.0,36.2,26.2,6.17
Pi5,Gemma-3-1B,Q4_K_M,"Identify the sentence in the given paragraph that contains all the given words.
Words: happiness, life, strive 
Paragraph:
Living your best life means striving for happiness in all aspects of life. Happiness can be found in the small daily moments, but also through being content with what you have. You don’t need to struggle to be content. You just need to shift how you look at life in order to see the beauty that already exists.",long,433,64,1,63,7.0,1.789948285773744e-05,64.4,43.1,32.0,6.38
Pi5,Gemma-3-1B,Q4_K_M,"Identify the sentence in the given paragraph that contains all the given words.
Words: happiness, life, strive 
Paragraph:
Living your best life means striving for happiness in all aspects of life. Happiness can be found in the small daily moments, but also through being content with what you have. You don’t need to struggle to be content. You just need to shift how you look at life in order to see the beauty that already exists.",long,433,64,2,63,6.98,1.782108969741243e-05,64.2,43.6,32.4,6.36
Pi5,Gemma-3-1B,Q4_K_M,"Identify the sentence in the given paragraph that contains all the given words.
Words: happiness, life, strive 
Paragraph:
Living your best life means striving for happiness in all aspects of life. Happiness can be found in the small daily moments, but also through being content with what you have. You don’t need to struggle to be content. You just need to shift how you look at life in order to see the beauty that already exists.",long,433,64,3,63,7.13,1.7125918216934835e-05,61.7,44.2,32.9,6.32
Pi5,Gemma-3-1B,Q4_K_M,"Frame a one-sentence hypothesis given the following information.
The goal of the study is to analyze the impact of online learning platforms on student performance.",long,164,64,1,64,5.78,1.19788032949664e-05,43.1,32.3,22.8,5.78
Pi5,Gemma-3-1B,Q4_K_M,"Frame a one-sentence hypothesis given the following information.
The goal of the study is to analyze the impact of online learning platforms on student performance.",long,164,64,2,64,5.84,1.181118398976341e-05,42.5,33.6,23.9,5.87
Pi5,Gemma-3-1B,Q4_K_M,"Frame a one-sentence hypothesis given the following information.
The goal of the study is to analyze the impact of online learning platforms on student performance.",long,164,64,3,64,5.77,1.1771192996788384e-05,42.4,32.5,23.0,5.76
Pi5,Gemma-3-1B,Q4_K_M,"Identify if the given sentence is a rhetorical question or not. Output 1 for rhetorical question, and 0 for not.
Are you out of your mind?",long,138,64,1,10,1.57,3.948049070609409e-06,14.2,9.2,7.1,6.75
Pi5,Gemma-3-1B,Q4_K_M,"Identify if the given sentence is a rhetorical question or not. Output 1 for rhetorical question, and 0 for not.
Are you out of your mind?",long,138,64,2,10,1.56,3.969127300459361e-06,14.3,8.8,6.7,6.47
Pi5,Gemma-3-1B,Q4_K_M,"Identify if the given sentence is a rhetorical question or not. Output 1 for rhetorical question, and 0 for not.
Are you out of your mind?",long,138,64,3,10,1.56,3.9808224679764294e-06,14.3,9.1,7.0,6.72
Pi5,Gemma-3-1B,Q4_K_M,"Create a short news article summarizing the following information.
A new report from the World Health Organization suggests that mental health in adolescents is declining due to increased social media and technology use.",long,220,64,1,64,5.88,1.1918281070055028e-05,42.9,34.8,25.0,6.05
Pi5,Gemma-3-1B,Q4_K_M,"Create a short news article summarizing the following information.
A new report from the World Health Organization suggests that mental health in adolescents is declining due to increased social media and technology use.",long,220,64,2,64,5.9,1.196009442035869e-05,43.1,34.3,24.5,5.97
Pi5,Gemma-3-1B,Q4_K_M,"Create a short news article summarizing the following information.
A new report from the World Health Organization suggests that mental health in adolescents is declining due to increased social media and technology use.",long,220,64,3,64,6.03,1.2245768380658224e-05,44.1,36.1,26.1,6.05
Pi5,Gemma-3-1B,Q4_K_M,Does cognitive empathy exist?,court,29,256,1,256,20.8,3.831099819990577e-05,137.9,120.3,84.4,5.79
Pi5,Gemma-3-1B,Q4_K_M,Does cognitive empathy exist?,court,29,256,2,256,20.8,3.8858150076819115e-05,139.9,120.9,84.7,5.84
Pi5,Gemma-3-1B,Q4_K_M,Does cognitive empathy exist?,court,29,256,3,256,20.78,3.8389640434036655e-05,138.2,118.4,82.3,5.73
Pi5,Gemma-3-1B,Q4_K_M,Generate a movie review,court,23,256,1,256,20.77,3.8289093112998376e-05,137.8,118.8,82.9,5.78
Pi5,Gemma-3-1B,Q4_K_M,Generate a movie review,court,23,256,2,256,20.89,3.898598979502961e-05,140.3,119.7,83.6,5.79
Pi5,Gemma-3-1B,Q4_K_M,Generate a movie review,court,23,256,3,256,20.76,3.8299267188232185e-05,137.9,118.0,82.3,5.75
Pi5,Gemma-3-1B,Q4_K_M,Identify popular dishes in Mexico.,court,34,256,1,256,20.85,3.840715458259101e-05,138.3,119.8,84.0,5.78
Pi5,Gemma-3-1B,Q4_K_M,Identify popular dishes in Mexico.,court,34,256,2,256,20.84,3.851910747228331e-05,138.7,119.7,83.5,5.75
Pi5,Gemma-3-1B,Q4_K_M,Identify popular dishes in Mexico.,court,34,256,3,256,20.9,3.857340990235334e-05,138.9,119.3,83.1,5.76
Pi5,Gemma-3-1B,Q4_K_M,What is unique about a hyperbole?,court,33,256,1,256,20.85,3.842975659339473e-05,138.3,120.4,84.0,5.79
Pi5,Gemma-3-1B,Q4_K_M,What is unique about a hyperbole?,court,33,256,2,256,20.97,3.8686162065494836e-05,139.3,120.6,84.6,5.77
Pi5,Gemma-3-1B,Q4_K_M,What is unique about a hyperbole?,court,33,256,3,256,20.86,3.8630023791433065e-05,139.1,117.9,82.1,5.71
Pi5,Gemma-3-1B,Q4_K_M,Write an emergency response plan,court,32,256,1,256,20.77,3.8294703660972985e-05,137.9,119.1,83.1,5.75
Pi5,Gemma-3-1B,Q4_K_M,Write an emergency response plan,court,32,256,2,256,20.78,3.8626072175829724e-05,139.1,118.7,82.5,5.75
Pi5,Gemma-3-1B,Q4_K_M,Write an emergency response plan,court,32,256,3,256,20.77,3.832011934433004e-05,138.0,117.5,82.0,5.7
Pi5,Gemma-3-1B,Q4_K_M,Generate a quiz about physics.,court,30,256,1,256,20.92,3.847684706390742e-05,138.5,118.2,82.1,5.67
Pi5,Gemma-3-1B,Q4_K_M,Generate a quiz about physics.,court,30,256,2,256,20.81,3.8426229946992783e-05,138.3,118.7,82.6,5.72
Pi5,Gemma-3-1B,Q4_K_M,Generate a quiz about physics.,court,30,256,3,256,20.79,3.832227364756294e-05,138.0,118.4,82.2,5.74
Pi5,Gemma-3-1B,Q4_K_M,Develop a metaphor for hope.,court,28,256,1,256,20.78,3.831417602432264e-05,137.9,118.0,82.1,5.71
Pi5,Gemma-3-1B,Q4_K_M,Develop a metaphor for hope.,court,28,256,2,256,20.8,3.838304343764169e-05,138.2,120.6,84.6,5.84
Pi5,Gemma-3-1B,Q4_K_M,Develop a metaphor for hope.,court,28,256,3,256,20.79,3.84031288488662e-05,138.3,120.3,84.1,5.81
Pi5,Gemma-3-1B,Q4_K_M,"Summarize the poem ""Beat! Beat! Drums!""",court,39,256,1,256,20.99,3.987196301557531e-05,143.5,120.6,84.7,5.79
Pi5,Gemma-3-1B,Q4_K_M,"Summarize the poem ""Beat! Beat! Drums!""",court,39,256,2,256,20.88,3.8461433371102306e-05,138.5,120.0,83.9,5.81
Pi5,Gemma-3-1B,Q4_K_M,"Summarize the poem ""Beat! Beat! Drums!""",court,39,256,3,256,21.03,3.8565886280677165e-05,138.8,122.4,86.0,5.83
Pi5,Gemma-3-1B,Q4_K_M,Describe the primary colors.,court,28,256,1,13,1.26,2.9816548212486356e-06,10.7,6.4,4.4,5.62
Pi5,Gemma-3-1B,Q4_K_M,Describe the primary colors.,court,28,256,2,13,1.24,2.937252492638535e-06,10.6,6.4,4.4,5.63
Pi5,Gemma-3-1B,Q4_K_M,Describe the primary colors.,court,28,256,3,13,1.25,2.9491057181301018e-06,10.6,6.4,4.4,5.62
Pi5,Gemma-3-1B,Q4_K_M,Name two first aid treatments for a cut.,court,40,256,1,145,11.95,2.3000924433143455e-05,82.8,68.6,47.9,5.78
Pi5,Gemma-3-1B,Q4_K_M,Name two first aid treatments for a cut.,court,40,256,2,145,11.95,2.2987059366326927e-05,82.8,67.4,47.0,5.71
Pi5,Gemma-3-1B,Q4_K_M,Name two first aid treatments for a cut.,court,40,256,3,145,11.95,2.2961534637269094e-05,82.7,68.4,47.7,5.74
Pi5,Gemma-3-1B,Q4_K_M,Write one sentence about handwashing.,court,37,256,1,19,1.77,4.317752739978847e-06,15.5,8.8,6.0,5.23
Pi5,Gemma-3-1B,Q4_K_M,Write one sentence about handwashing.,court,37,256,2,19,1.77,4.2908457100254886e-06,15.4,8.5,5.7,5.36
Pi5,Gemma-3-1B,Q4_K_M,Write one sentence about handwashing.,court,37,256,3,19,1.77,4.330146078157289e-06,15.6,8.5,5.8,5.36
Pi5,Gemma-3-1B,Q4_K_M,Who is Samantha Andrews?,court,24,256,1,256,20.84,3.8609825134131624e-05,139.0,118.0,81.8,5.71
Pi5,Gemma-3-1B,Q4_K_M,Who is Samantha Andrews?,court,24,256,2,256,20.77,3.836875323460873e-05,138.1,118.1,82.3,5.72
Pi5,Gemma-3-1B,Q4_K_M,Who is Samantha Andrews?,court,24,256,3,256,20.79,3.849510942875836e-05,138.6,118.1,82.1,5.69
Pi5,Gemma-3-1B,Q4_K_M,What year did WW2 start?,court,24,256,1,27,2.41,5.287464066171792e-06,19.0,12.9,9.1,5.8
Pi5,Gemma-3-1B,Q4_K_M,What year did WW2 start?,court,24,256,2,27,2.41,5.329175600927551e-06,19.2,12.7,8.7,5.61
Pi5,Gemma-3-1B,Q4_K_M,What year did WW2 start?,court,24,256,3,27,2.42,5.377712363171736e-06,19.4,13.1,9.0,5.56
Pi5,Gemma-3-1B,Q4_K_M,Give 10 features of the sun.,court,28,256,1,256,20.93,3.966630220241291e-05,142.8,119.0,83.2,5.75
Pi5,Gemma-3-1B,Q4_K_M,Give 10 features of the sun.,court,28,256,2,256,20.85,3.840704677809507e-05,138.3,119.0,82.9,5.74
Pi5,Gemma-3-1B,Q4_K_M,Give 10 features of the sun.,court,28,256,3,256,20.84,3.8479612714820675e-05,138.5,118.2,82.2,5.73
Pi5,Gemma-3-1B,Q4_K_M,Write a mock newspaper headline.,court,32,256,1,142,11.64,2.2536912247076208e-05,81.1,66.1,45.9,5.74
Pi5,Gemma-3-1B,Q4_K_M,Write a mock newspaper headline.,court,32,256,2,142,11.65,2.2410285018566647e-05,80.7,65.1,45.4,5.67
Pi5,Gemma-3-1B,Q4_K_M,Write a mock newspaper headline.,court,32,256,3,142,11.68,2.2549493802660956e-05,81.2,66.1,45.9,5.76
Pi5,Gemma-3-1B,Q4_K_M,Create a data visualization of the latest COVID-19 cases in the US.,moyen,67,256,1,256,20.99,3.8829557886818844e-05,139.8,120.5,84.4,5.75
Pi5,Gemma-3-1B,Q4_K_M,Create a data visualization of the latest COVID-19 cases in the US.,moyen,67,256,2,256,21.01,3.838753915974853e-05,138.2,119.8,83.9,5.73
Pi5,Gemma-3-1B,Q4_K_M,Create a data visualization of the latest COVID-19 cases in the US.,moyen,67,256,3,256,20.99,3.864763582672899e-05,139.1,118.2,81.8,5.68
Pi5,Gemma-3-1B,Q4_K_M,"Calculate the price after discount.
Regular price: $100, Discount: 15%",moyen,70,256,1,48,4.38,8.862665429877677e-06,31.9,25.8,18.2,5.96
Pi5,Gemma-3-1B,Q4_K_M,"Calculate the price after discount.
Regular price: $100, Discount: 15%",moyen,70,256,2,48,4.36,8.824594049210722e-06,31.8,25.2,17.8,5.87
Pi5,Gemma-3-1B,Q4_K_M,"Calculate the price after discount.
Regular price: $100, Discount: 15%",moyen,70,256,3,48,4.38,8.924210257722889e-06,32.1,25.0,17.8,5.88
Pi5,Gemma-3-1B,Q4_K_M,"Parse the given sentence grammatically.
The small jar sat on the shelf.",moyen,71,256,1,256,21.02,3.8464901139991596e-05,138.5,119.6,83.2,5.69
Pi5,Gemma-3-1B,Q4_K_M,"Parse the given sentence grammatically.
The small jar sat on the shelf.",moyen,71,256,2,256,21.01,3.8743558049051086e-05,139.5,118.5,82.4,5.7
Pi5,Gemma-3-1B,Q4_K_M,"Parse the given sentence grammatically.
The small jar sat on the shelf.",moyen,71,256,3,256,21.1,3.974326470913265e-05,143.1,122.2,85.9,5.85
Pi5,Gemma-3-1B,Q4_K_M,"Rewrite the given program in Java.
a = 4
b = 5
c = a + b
print(c)",moyen,65,256,1,256,21.32,3.896818591886441e-05,140.3,123.4,86.6,5.82
Pi5,Gemma-3-1B,Q4_K_M,"Rewrite the given program in Java.
a = 4
b = 5
c = a + b
print(c)",moyen,65,256,2,256,21.22,3.869121880894843e-05,139.3,122.2,86.1,5.82
Pi5,Gemma-3-1B,Q4_K_M,"Rewrite the given program in Java.
a = 4
b = 5
c = a + b
print(c)",moyen,65,256,3,256,21.25,3.8898318014219483e-05,140.0,121.0,84.5,5.74
Pi5,Gemma-3-1B,Q4_K_M,"Based on the input, provide the correct spelling of the word.
ambigious",moyen,71,256,1,21,2.11,4.5548427478581225e-06,16.4,12.2,8.8,6.09
Pi5,Gemma-3-1B,Q4_K_M,"Based on the input, provide the correct spelling of the word.
ambigious",moyen,71,256,2,21,2.11,4.5446652776020626e-06,16.4,11.8,8.5,5.83
Pi5,Gemma-3-1B,Q4_K_M,"Based on the input, provide the correct spelling of the word.
ambigious",moyen,71,256,3,21,2.11,4.560133922110693e-06,16.4,11.1,8.0,5.79
Pi5,Gemma-3-1B,Q4_K_M,Construct a query that returns information about the Eiffel Tower.,moyen,66,256,1,256,21.01,3.961156950510601e-05,142.6,121.8,85.3,5.8
Pi5,Gemma-3-1B,Q4_K_M,Construct a query that returns information about the Eiffel Tower.,moyen,66,256,2,256,20.9,3.8617276459926695e-05,139.0,119.6,83.1,5.78
Pi5,Gemma-3-1B,Q4_K_M,Construct a query that returns information about the Eiffel Tower.,moyen,66,256,3,256,20.9,3.844607515049419e-05,138.4,120.6,84.8,5.78
Pi5,Gemma-3-1B,Q4_K_M,"Create a set from the given input and find its size.
[1, 2, 3, 2, 4, 2]",moyen,71,256,1,256,21.3,3.909092770315044e-05,140.7,120.6,84.0,5.72
Pi5,Gemma-3-1B,Q4_K_M,"Create a set from the given input and find its size.
[1, 2, 3, 2, 4, 2]",moyen,71,256,2,256,21.3,3.928128384434919e-05,141.4,123.6,86.9,5.86
Pi5,Gemma-3-1B,Q4_K_M,"Create a set from the given input and find its size.
[1, 2, 3, 2, 4, 2]",moyen,71,256,3,256,21.28,3.8953563018957856e-05,140.2,123.5,86.9,5.81
Pi5,Gemma-3-1B,Q4_K_M,"What are the different types of characters in the given play?
Macbeth",moyen,69,256,1,256,20.97,3.887311375852424e-05,139.9,121.3,85.1,5.8
Pi5,Gemma-3-1B,Q4_K_M,"What are the different types of characters in the given play?
Macbeth",moyen,69,256,2,256,20.97,3.8656859544626844e-05,139.2,123.3,87.1,5.88
Pi5,Gemma-3-1B,Q4_K_M,"What are the different types of characters in the given play?
Macbeth",moyen,69,256,3,256,20.99,3.865175069755555e-05,139.1,118.7,82.1,5.67
Pi5,Gemma-3-1B,Q4_K_M,"Find the x-intercept of the line given by the equation.
y = 4x + 10",moyen,67,256,1,94,8.1,1.5420991795566018e-05,55.5,47.0,33.4,5.88
Pi5,Gemma-3-1B,Q4_K_M,"Find the x-intercept of the line given by the equation.
y = 4x + 10",moyen,67,256,2,94,8.1,1.549596929122271e-05,55.8,47.0,33.1,5.82
Pi5,Gemma-3-1B,Q4_K_M,"Find the x-intercept of the line given by the equation.
y = 4x + 10",moyen,67,256,3,94,8.11,1.546114011852356e-05,55.7,47.2,33.3,5.85
Pi5,Gemma-3-1B,Q4_K_M,"Identify the most suitable adverb for the following sentence
She works",moyen,70,256,1,129,10.7,2.0745286411528668e-05,74.7,60.8,42.5,5.75
Pi5,Gemma-3-1B,Q4_K_M,"Identify the most suitable adverb for the following sentence
She works",moyen,70,256,2,129,10.81,2.2066710558044663e-05,79.4,61.3,42.8,5.75
Pi5,Gemma-3-1B,Q4_K_M,"Identify the most suitable adverb for the following sentence
She works",moyen,70,256,3,129,10.71,2.0852076940833577e-05,75.1,60.8,42.5,5.74
Pi5,Gemma-3-1B,Q4_K_M,"Generate a sentence using the words ""caffeine"", ""hunter"", and ""monday"".",moyen,71,256,1,42,3.8,8.179958029093318e-06,29.4,21.0,14.7,5.8
Pi5,Gemma-3-1B,Q4_K_M,"Generate a sentence using the words ""caffeine"", ""hunter"", and ""monday"".",moyen,71,256,2,42,3.83,8.164091710743397e-06,29.4,21.2,14.7,5.58
Pi5,Gemma-3-1B,Q4_K_M,"Generate a sentence using the words ""caffeine"", ""hunter"", and ""monday"".",moyen,71,256,3,42,3.8,8.11713795729471e-06,29.2,22.3,15.9,6.01
Pi5,Gemma-3-1B,Q4_K_M,"Sort the given words from most to least serious
Sneeze, trip, shout",moyen,67,256,1,256,21.04,3.845052612239972e-05,138.4,118.7,82.4,5.67
Pi5,Gemma-3-1B,Q4_K_M,"Sort the given words from most to least serious
Sneeze, trip, shout",moyen,67,256,2,256,21.03,3.837386536295686e-05,138.1,120.4,83.8,5.74
Pi5,Gemma-3-1B,Q4_K_M,"Sort the given words from most to least serious
Sneeze, trip, shout",moyen,67,256,3,256,21.05,3.850258651466299e-05,138.6,119.5,83.2,5.72
Pi5,Gemma-3-1B,Q4_K_M,Come up with at least 5 ways to use deep learning in healthcare.,moyen,64,256,1,256,21.09,3.989564971933763e-05,143.6,122.2,85.9,5.83
Pi5,Gemma-3-1B,Q4_K_M,Come up with at least 5 ways to use deep learning in healthcare.,moyen,64,256,2,256,20.97,3.853970798360862e-05,138.7,120.3,83.7,5.79
Pi5,Gemma-3-1B,Q4_K_M,Come up with at least 5 ways to use deep learning in healthcare.,moyen,64,256,3,256,20.98,3.869716818830138e-05,139.3,120.5,84.3,5.8
Pi5,Gemma-3-1B,Q4_K_M,Describe the concept of artificial intelligence in your own words.,moyen,66,256,1,244,20.0,3.704078297408399e-05,133.3,114.2,79.5,5.75
Pi5,Gemma-3-1B,Q4_K_M,Describe the concept of artificial intelligence in your own words.,moyen,66,256,2,244,19.96,3.6770199632172286e-05,132.4,114.8,79.9,5.81
Pi5,Gemma-3-1B,Q4_K_M,Describe the concept of artificial intelligence in your own words.,moyen,66,256,3,244,20.07,3.6846597667527034e-05,132.6,115.4,80.9,5.81
Pi5,Gemma-3-1B,Q4_K_M,Follow the given example and create a poem about a passionate sunset.,moyen,69,256,1,256,20.91,3.859065234446919e-05,138.9,120.0,83.8,5.79
Pi5,Gemma-3-1B,Q4_K_M,Follow the given example and create a poem about a passionate sunset.,moyen,69,256,2,256,21.0,3.869738352970957e-05,139.3,119.4,83.4,5.72
Pi5,Gemma-3-1B,Q4_K_M,Follow the given example and create a poem about a passionate sunset.,moyen,69,256,3,256,20.93,3.869173468624945e-05,139.3,120.4,84.5,5.79
Pi5,Gemma-3-1B,Q4_K_M,"Create three subheadings that could be used to divide the news article.
Tesla announced plans to develop a new battery technology that will increase the range of electric vehicles.",long,180,256,1,232,19.48,3.6069935932714756e-05,129.9,112.3,78.9,5.8
Pi5,Gemma-3-1B,Q4_K_M,"Create three subheadings that could be used to divide the news article.
Tesla announced plans to develop a new battery technology that will increase the range of electric vehicles.",long,180,256,2,232,19.47,3.594190880945914e-05,129.4,113.7,79.9,5.85
Pi5,Gemma-3-1B,Q4_K_M,"Create three subheadings that could be used to divide the news article.
Tesla announced plans to develop a new battery technology that will increase the range of electric vehicles.",long,180,256,3,232,19.55,3.609527943885633e-05,129.9,113.5,79.6,5.82
Pi5,Gemma-3-1B,Q4_K_M,"Given a string word and a dictionary of words, determine whether the word is a valid word.
String word: ""hello""
Dictionary of words: { ""hi"", ""bye"", ""hello"", ""world"" }",long,166,256,1,256,21.62,3.983763710885653e-05,143.4,126.1,89.1,5.88
Pi5,Gemma-3-1B,Q4_K_M,"Given a string word and a dictionary of words, determine whether the word is a valid word.
String word: ""hello""
Dictionary of words: { ""hi"", ""bye"", ""hello"", ""world"" }",long,166,256,2,256,21.64,3.9953304797159546e-05,143.8,125.0,87.7,5.78
Pi5,Gemma-3-1B,Q4_K_M,"Given a string word and a dictionary of words, determine whether the word is a valid word.
String word: ""hello""
Dictionary of words: { ""hi"", ""bye"", ""hello"", ""world"" }",long,166,256,3,256,21.61,3.976647165403054e-05,143.2,126.5,89.6,5.9
Pi5,Gemma-3-1B,Q4_K_M,"Given the following conditions, formulate a hypothesis.
Temperature, humidity, and precipitation levels are higher during the summer than the winter.",long,149,256,1,172,14.48,2.742505065433249e-05,98.7,82.5,57.9,5.79
Pi5,Gemma-3-1B,Q4_K_M,"Given the following conditions, formulate a hypothesis.
Temperature, humidity, and precipitation levels are higher during the summer than the winter.",long,149,256,2,172,14.47,2.748932832281725e-05,99.0,82.7,58.1,5.8
Pi5,Gemma-3-1B,Q4_K_M,"Given the following conditions, formulate a hypothesis.
Temperature, humidity, and precipitation levels are higher during the summer than the winter.",long,149,256,3,172,14.45,2.7413074926323924e-05,98.7,81.9,57.3,5.78
Pi5,Gemma-3-1B,Q4_K_M,"Make an assumption based on the following data.
90% of surveyed software developers work more than 8 hours a day, while only 10% work less than 8 hours a day",long,157,256,1,96,8.62,1.6912938133033032e-05,60.9,51.1,36.7,6.01
Pi5,Gemma-3-1B,Q4_K_M,"Make an assumption based on the following data.
90% of surveyed software developers work more than 8 hours a day, while only 10% work less than 8 hours a day",long,157,256,2,96,8.6,1.6899654343870187e-05,60.8,49.7,35.3,5.89
Pi5,Gemma-3-1B,Q4_K_M,"Make an assumption based on the following data.
90% of surveyed software developers work more than 8 hours a day, while only 10% work less than 8 hours a day",long,157,256,3,96,8.63,1.6914487731935617e-05,60.9,49.7,35.2,5.87
Pi5,Gemma-3-1B,Q4_K_M,"Given the following details, write a short paragraph about a vacation destination.
Destination: Mexico 
Time of Year: Summer 
Activities: Swimming, fishing, snorkeling, zip-lining",long,179,256,1,93,8.34,1.612109990019073e-05,58.0,48.9,34.9,5.92
Pi5,Gemma-3-1B,Q4_K_M,"Given the following details, write a short paragraph about a vacation destination.
Destination: Mexico 
Time of Year: Summer 
Activities: Swimming, fishing, snorkeling, zip-lining",long,179,256,2,93,8.35,1.6151975381144845e-05,58.1,49.0,34.8,5.93
Pi5,Gemma-3-1B,Q4_K_M,"Given the following details, write a short paragraph about a vacation destination.
Destination: Mexico 
Time of Year: Summer 
Activities: Swimming, fishing, snorkeling, zip-lining",long,179,256,3,93,8.32,1.6033449632751496e-05,57.7,48.3,34.2,5.83
Pi5,Gemma-3-1B,Q4_K_M,"Generate a random password with 8 characters containing at least one number, one special character, one capital letter and one lowercase letter.",long,144,256,1,256,21.2,3.888236181599894e-05,140.0,121.6,85.3,5.77
Pi5,Gemma-3-1B,Q4_K_M,"Generate a random password with 8 characters containing at least one number, one special character, one capital letter and one lowercase letter.",long,144,256,2,256,21.28,3.913075461215811e-05,140.9,121.3,84.9,5.75
Pi5,Gemma-3-1B,Q4_K_M,"Generate a random password with 8 characters containing at least one number, one special character, one capital letter and one lowercase letter.",long,144,256,3,256,21.24,3.894030547147488e-05,140.2,122.5,85.6,5.78
Pi5,Gemma-3-1B,Q4_K_M,"Edit the following to make it suitable for school-aged children.
Bob and Bill were arguing over who was the best player on the basketball team.",long,143,256,1,256,21.32,3.8963884120110015e-05,140.3,121.8,85.0,5.75
Pi5,Gemma-3-1B,Q4_K_M,"Edit the following to make it suitable for school-aged children.
Bob and Bill were arguing over who was the best player on the basketball team.",long,143,256,2,256,21.29,3.886574790619118e-05,139.9,123.1,86.4,5.84
Pi5,Gemma-3-1B,Q4_K_M,"Edit the following to make it suitable for school-aged children.
Bob and Bill were arguing over who was the best player on the basketball team.",long,143,256,3,256,21.3,3.898314351746269e-05,140.3,124.1,87.5,5.87
Pi5,Gemma-3-1B,Q4_K_M,"Given a description of a situation, provide an appropriate ethical judgement.
A chef was not happy with the performance of a waiter, so he yelled and cursed at him in front of other people.",long,189,256,1,256,21.51,4.007999731145161e-05,144.3,124.4,87.7,5.84
Pi5,Gemma-3-1B,Q4_K_M,"Given a description of a situation, provide an appropriate ethical judgement.
A chef was not happy with the performance of a waiter, so he yelled and cursed at him in front of other people.",long,189,256,2,256,21.48,3.9818201284658473e-05,143.3,123.6,86.8,5.8
Pi5,Gemma-3-1B,Q4_K_M,"Given a description of a situation, provide an appropriate ethical judgement.
A chef was not happy with the performance of a waiter, so he yelled and cursed at him in front of other people.",long,189,256,3,256,21.49,3.9551787005773696e-05,142.4,121.8,85.0,5.74
Pi5,Gemma-3-1B,Q4_K_M,"Rewrite this poem to make it more vivid and interesting.
Once I had a house
where I made a thousand memories
It served me well
but now I'm gone",long,143,256,1,256,21.4,3.920783149102568e-05,141.1,124.4,87.9,5.86
Pi5,Gemma-3-1B,Q4_K_M,"Rewrite this poem to make it more vivid and interesting.
Once I had a house
where I made a thousand memories
It served me well
but now I'm gone",long,143,256,2,256,21.52,3.964926571232581e-05,142.7,122.0,84.7,5.74
Pi5,Gemma-3-1B,Q4_K_M,"Rewrite this poem to make it more vivid and interesting.
Once I had a house
where I made a thousand memories
It served me well
but now I'm gone",long,143,256,3,256,21.4,3.924439395987643e-05,141.3,123.9,87.2,5.82
Pi5,Gemma-3-1B,Q4_K_M,"Categorize the following text into one of the genres: Comedy, Thriller, Romance, or Drama.
Two kids from very different backgrounds meet in summer camp and form an unlikely friendship.",long,184,256,1,170,14.63,2.802514373176125e-05,100.9,86.5,61.6,5.98
Pi5,Gemma-3-1B,Q4_K_M,"Categorize the following text into one of the genres: Comedy, Thriller, Romance, or Drama.
Two kids from very different backgrounds meet in summer camp and form an unlikely friendship.",long,184,256,2,170,14.53,2.7741036496116592e-05,99.9,83.3,58.5,5.78
Pi5,Gemma-3-1B,Q4_K_M,"Categorize the following text into one of the genres: Comedy, Thriller, Romance, or Drama.
Two kids from very different backgrounds meet in summer camp and form an unlikely friendship.",long,184,256,3,170,14.57,2.791189351533677e-05,100.5,82.7,57.7,5.73
Pi5,Gemma-3-1B,Q4_K_M,"Label the following news article as either ""Political"" or ""Entertainment""
Ansel Elgort and Gabrielle Union have both been cast in a new romantic summer movie to be released in 2022.",long,181,256,1,256,21.51,3.971508543237725e-05,143.0,123.8,86.8,5.77
Pi5,Gemma-3-1B,Q4_K_M,"Label the following news article as either ""Political"" or ""Entertainment""
Ansel Elgort and Gabrielle Union have both been cast in a new romantic summer movie to be released in 2022.",long,181,256,2,256,21.52,3.9704891882555194e-05,142.9,124.1,87.3,5.85
Pi5,Gemma-3-1B,Q4_K_M,"Label the following news article as either ""Political"" or ""Entertainment""
Ansel Elgort and Gabrielle Union have both been cast in a new romantic summer movie to be released in 2022.",long,181,256,3,256,21.55,3.9889749930182146e-05,143.6,124.0,87.3,5.82
Pi5,Gemma-3-1B,Q4_K_M,"Identify the sentence in the given paragraph that contains all the given words.
Words: happiness, life, strive 
Paragraph:
Living your best life means striving for happiness in all aspects of life. Happiness can be found in the small daily moments, but also through being content with what you have. You don’t need to struggle to be content. You just need to shift how you look at life in order to see the beauty that already exists.",long,433,256,1,63,6.99,1.786294485738963e-05,64.3,43.3,32.0,6.32
Pi5,Gemma-3-1B,Q4_K_M,"Identify the sentence in the given paragraph that contains all the given words.
Words: happiness, life, strive 
Paragraph:
Living your best life means striving for happiness in all aspects of life. Happiness can be found in the small daily moments, but also through being content with what you have. You don’t need to struggle to be content. You just need to shift how you look at life in order to see the beauty that already exists.",long,433,256,2,63,7.0,1.787192813966908e-05,64.3,43.5,32.2,6.24
Pi5,Gemma-3-1B,Q4_K_M,"Identify the sentence in the given paragraph that contains all the given words.
Words: happiness, life, strive 
Paragraph:
Living your best life means striving for happiness in all aspects of life. Happiness can be found in the small daily moments, but also through being content with what you have. You don’t need to struggle to be content. You just need to shift how you look at life in order to see the beauty that already exists.",long,433,256,3,63,7.0,1.7884032651411577e-05,64.4,43.7,32.0,6.29
Pi5,Gemma-3-1B,Q4_K_M,"Frame a one-sentence hypothesis given the following information.
The goal of the study is to analyze the impact of online learning platforms on student performance.",long,164,256,1,256,21.4,3.920152988765324e-05,141.1,119.6,83.0,5.62
Pi5,Gemma-3-1B,Q4_K_M,"Frame a one-sentence hypothesis given the following information.
The goal of the study is to analyze the impact of online learning platforms on student performance.",long,164,256,2,256,21.28,3.889536383740544e-05,140.0,122.8,86.3,5.79
Pi5,Gemma-3-1B,Q4_K_M,"Frame a one-sentence hypothesis given the following information.
The goal of the study is to analyze the impact of online learning platforms on student performance.",long,164,256,3,256,21.31,3.885015595529415e-05,139.9,121.6,85.1,5.75
Pi5,Gemma-3-1B,Q4_K_M,"Identify if the given sentence is a rhetorical question or not. Output 1 for rhetorical question, and 0 for not.
Are you out of your mind?",long,138,256,1,10,1.56,3.987984105377049e-06,14.4,8.8,6.8,6.45
Pi5,Gemma-3-1B,Q4_K_M,"Identify if the given sentence is a rhetorical question or not. Output 1 for rhetorical question, and 0 for not.
Are you out of your mind?",long,138,256,2,10,1.57,3.9924004037740255e-06,14.4,8.2,6.1,6.01
Pi5,Gemma-3-1B,Q4_K_M,"Identify if the given sentence is a rhetorical question or not. Output 1 for rhetorical question, and 0 for not.
Are you out of your mind?",long,138,256,3,10,1.57,3.991616226569634e-06,14.4,8.8,6.5,6.02
Pi5,Gemma-3-1B,Q4_K_M,"Create a short news article summarizing the following information.
A new report from the World Health Organization suggests that mental health in adolescents is declining due to increased social media and technology use.",long,220,256,1,256,21.52,3.9645040597551204e-05,142.7,125.5,88.5,5.87
Pi5,Gemma-3-1B,Q4_K_M,"Create a short news article summarizing the following information.
A new report from the World Health Organization suggests that mental health in adolescents is declining due to increased social media and technology use.",long,220,256,2,256,21.4,3.9307516326297745e-05,141.5,123.2,86.5,5.82
Pi5,Gemma-3-1B,Q4_K_M,"Create a short news article summarizing the following information.
A new report from the World Health Organization suggests that mental health in adolescents is declining due to increased social media and technology use.",long,220,256,3,256,21.4,3.926778899978381e-05,141.4,122.2,85.7,5.76
Pi5,Gemma-3-1B,Q8_0,Does cognitive empathy exist?,court,29,16,1,16,1.53,3.958986165711502e-06,14.3,7.2,4.7,5.28
Pi5,Gemma-3-1B,Q8_0,Does cognitive empathy exist?,court,29,16,2,16,1.54,3.980413051515251e-06,14.3,7.2,4.8,5.3
Pi5,Gemma-3-1B,Q8_0,Does cognitive empathy exist?,court,29,16,3,16,1.53,3.95154125388567e-06,14.2,6.8,4.4,5.01
Pi5,Gemma-3-1B,Q8_0,Generate a movie review,court,23,16,1,16,1.5,3.910418925124147e-06,14.1,7.2,4.7,5.29
Pi5,Gemma-3-1B,Q8_0,Generate a movie review,court,23,16,2,16,1.52,3.994282587517799e-06,14.4,7.2,4.6,5.26
Pi5,Gemma-3-1B,Q8_0,Generate a movie review,court,23,16,3,16,1.5,3.927883213460379e-06,14.1,7.1,4.6,5.19
Pi5,Gemma-3-1B,Q8_0,Identify popular dishes in Mexico.,court,34,16,1,16,1.56,4.007126706280697e-06,14.4,6.9,4.5,5.09
Pi5,Gemma-3-1B,Q8_0,Identify popular dishes in Mexico.,court,34,16,2,16,1.7,4.8854451438049335e-06,17.6,8.2,5.2,5.15
Pi5,Gemma-3-1B,Q8_0,Identify popular dishes in Mexico.,court,34,16,3,16,1.57,4.036274536152542e-06,14.5,6.6,4.2,4.85
Pi5,Gemma-3-1B,Q8_0,What is unique about a hyperbole?,court,33,16,1,16,1.56,4.003518264506956e-06,14.4,7.1,4.5,5.23
Pi5,Gemma-3-1B,Q8_0,What is unique about a hyperbole?,court,33,16,2,16,1.54,3.9673402517417795e-06,14.3,6.9,4.6,5.09
Pi5,Gemma-3-1B,Q8_0,What is unique about a hyperbole?,court,33,16,3,16,1.55,3.969834959914244e-06,14.3,7.0,4.6,5.14
Pi5,Gemma-3-1B,Q8_0,Write an emergency response plan,court,32,16,1,16,1.54,4.000641042785458e-06,14.4,6.9,4.5,5.11
Pi5,Gemma-3-1B,Q8_0,Write an emergency response plan,court,32,16,2,16,1.54,3.968256455818143e-06,14.3,6.9,4.5,5.11
Pi5,Gemma-3-1B,Q8_0,Write an emergency response plan,court,32,16,3,16,1.54,3.9624900321439634e-06,14.3,6.9,4.4,5.07
Pi5,Gemma-3-1B,Q8_0,Generate a quiz about physics.,court,30,16,1,16,1.57,3.984437567644301e-06,14.3,7.5,5.2,5.54
Pi5,Gemma-3-1B,Q8_0,Generate a quiz about physics.,court,30,16,2,16,1.56,3.970511815857493e-06,14.3,7.0,4.6,5.19
Pi5,Gemma-3-1B,Q8_0,Generate a quiz about physics.,court,30,16,3,16,1.57,4.00214942102336e-06,14.4,7.0,4.6,5.17
Pi5,Gemma-3-1B,Q8_0,Develop a metaphor for hope.,court,28,16,1,16,1.57,4.007484402479819e-06,14.4,7.0,4.5,5.18
Pi5,Gemma-3-1B,Q8_0,Develop a metaphor for hope.,court,28,16,2,16,1.57,4.112314258077419e-06,14.8,7.1,4.6,5.25
Pi5,Gemma-3-1B,Q8_0,Develop a metaphor for hope.,court,28,16,3,16,1.56,3.998255210032002e-06,14.4,7.1,4.7,5.23
Pi5,Gemma-3-1B,Q8_0,"Summarize the poem ""Beat! Beat! Drums!""",court,39,16,1,16,1.54,3.943752877902569e-06,14.2,7.1,4.7,5.26
Pi5,Gemma-3-1B,Q8_0,"Summarize the poem ""Beat! Beat! Drums!""",court,39,16,2,16,1.56,3.982430183627629e-06,14.3,7.0,4.6,5.16
Pi5,Gemma-3-1B,Q8_0,"Summarize the poem ""Beat! Beat! Drums!""",court,39,16,3,16,1.57,4.024869628171817e-06,14.5,7.0,4.6,5.18
Pi5,Gemma-3-1B,Q8_0,Describe the primary colors.,court,28,16,1,16,1.54,3.9807995869347534e-06,14.3,7.0,4.5,5.14
Pi5,Gemma-3-1B,Q8_0,Describe the primary colors.,court,28,16,2,16,1.55,3.9663048191409576e-06,14.3,6.9,4.5,5.12
Pi5,Gemma-3-1B,Q8_0,Describe the primary colors.,court,28,16,3,16,1.54,3.984763770095455e-06,14.3,7.0,4.6,5.14
Pi5,Gemma-3-1B,Q8_0,Name two first aid treatments for a cut.,court,40,16,1,16,1.56,3.977597039107773e-06,14.3,7.1,4.7,5.25
Pi5,Gemma-3-1B,Q8_0,Name two first aid treatments for a cut.,court,40,16,2,16,1.61,4.07438758533962e-06,14.7,7.5,4.8,4.7
Pi5,Gemma-3-1B,Q8_0,Name two first aid treatments for a cut.,court,40,16,3,16,1.56,4.001204944098441e-06,14.4,7.0,4.6,5.18
Pi5,Gemma-3-1B,Q8_0,Write one sentence about handwashing.,court,37,16,1,16,1.51,3.905238687649432e-06,14.1,7.1,4.6,5.21
Pi5,Gemma-3-1B,Q8_0,Write one sentence about handwashing.,court,37,16,2,16,1.51,3.940441165071866e-06,14.2,7.0,4.6,5.17
Pi5,Gemma-3-1B,Q8_0,Write one sentence about handwashing.,court,37,16,3,16,1.52,3.937084413680901e-06,14.2,7.2,4.7,5.27
Pi5,Gemma-3-1B,Q8_0,Who is Samantha Andrews?,court,24,16,1,16,1.53,3.948117303620291e-06,14.2,6.9,4.5,5.06
Pi5,Gemma-3-1B,Q8_0,Who is Samantha Andrews?,court,24,16,2,16,1.55,3.983465668116869e-06,14.3,6.8,4.4,4.99
Pi5,Gemma-3-1B,Q8_0,Who is Samantha Andrews?,court,24,16,3,16,1.53,3.932366829187207e-06,14.2,7.4,4.8,5.08
Pi5,Gemma-3-1B,Q8_0,What year did WW2 start?,court,24,16,1,16,1.51,3.909031294805221e-06,14.1,7.1,4.6,5.19
Pi5,Gemma-3-1B,Q8_0,What year did WW2 start?,court,24,16,2,16,1.53,3.9700279697633785e-06,14.3,6.9,4.4,5.05
Pi5,Gemma-3-1B,Q8_0,What year did WW2 start?,court,24,16,3,16,1.51,3.935192092708739e-06,14.2,7.1,4.6,5.22
Pi5,Gemma-3-1B,Q8_0,Give 10 features of the sun.,court,28,16,1,16,1.57,4.016210930608585e-06,14.5,6.9,4.4,5.05
Pi5,Gemma-3-1B,Q8_0,Give 10 features of the sun.,court,28,16,2,16,1.57,3.994296653895233e-06,14.4,7.0,4.5,5.15
Pi5,Gemma-3-1B,Q8_0,Give 10 features of the sun.,court,28,16,3,16,1.57,4.024129312895568e-06,14.5,7.2,4.8,5.32
Pi5,Gemma-3-1B,Q8_0,Write a mock newspaper headline.,court,32,16,1,16,1.57,4.012570849365442e-06,14.4,7.0,4.5,5.15
Pi5,Gemma-3-1B,Q8_0,Write a mock newspaper headline.,court,32,16,2,16,1.57,3.993567494791803e-06,14.4,6.9,4.5,5.11
Pi5,Gemma-3-1B,Q8_0,Write a mock newspaper headline.,court,32,16,3,16,1.58,4.030458206523452e-06,14.5,7.0,4.6,5.16
Pi5,Gemma-3-1B,Q8_0,Create a data visualization of the latest COVID-19 cases in the US.,moyen,67,16,1,16,1.61,4.089925081236412e-06,14.7,8.4,5.6,5.31
Pi5,Gemma-3-1B,Q8_0,Create a data visualization of the latest COVID-19 cases in the US.,moyen,67,16,2,16,1.62,4.092292823857717e-06,14.7,7.8,5.1,5.35
Pi5,Gemma-3-1B,Q8_0,Create a data visualization of the latest COVID-19 cases in the US.,moyen,67,16,3,16,1.62,4.0721584365430745e-06,14.7,8.2,5.3,5.16
Pi5,Gemma-3-1B,Q8_0,"Calculate the price after discount.
Regular price: $100, Discount: 15%",moyen,70,16,1,16,1.68,4.1838751162085995e-06,15.1,8.3,5.5,5.23
Pi5,Gemma-3-1B,Q8_0,"Calculate the price after discount.
Regular price: $100, Discount: 15%",moyen,70,16,2,16,1.67,4.179443703440703e-06,15.0,8.1,5.5,5.15
Pi5,Gemma-3-1B,Q8_0,"Calculate the price after discount.
Regular price: $100, Discount: 15%",moyen,70,16,3,16,1.67,4.1395991367566075e-06,14.9,8.5,5.6,5.33
Pi5,Gemma-3-1B,Q8_0,"Parse the given sentence grammatically.
The small jar sat on the shelf.",moyen,71,16,1,16,1.61,4.099096769201812e-06,14.8,8.3,5.3,5.22
Pi5,Gemma-3-1B,Q8_0,"Parse the given sentence grammatically.
The small jar sat on the shelf.",moyen,71,16,2,16,1.62,4.115252650806321e-06,14.8,8.4,5.5,5.28
Pi5,Gemma-3-1B,Q8_0,"Parse the given sentence grammatically.
The small jar sat on the shelf.",moyen,71,16,3,16,1.64,4.151740757445675e-06,14.9,7.9,5.3,5.36
Pi5,Gemma-3-1B,Q8_0,"Rewrite the given program in Java.
a = 4
b = 5
c = a + b
print(c)",moyen,65,16,1,16,1.71,4.2308638775943424e-06,15.2,8.8,6.0,5.54
Pi5,Gemma-3-1B,Q8_0,"Rewrite the given program in Java.
a = 4
b = 5
c = a + b
print(c)",moyen,65,16,2,16,1.72,4.2191638225467975e-06,15.2,8.4,5.5,5.28
Pi5,Gemma-3-1B,Q8_0,"Rewrite the given program in Java.
a = 4
b = 5
c = a + b
print(c)",moyen,65,16,3,16,1.71,4.251646918383695e-06,15.3,8.6,5.7,5.39
Pi5,Gemma-3-1B,Q8_0,"Based on the input, provide the correct spelling of the word.
ambigious",moyen,71,16,1,16,1.61,4.08467194927726e-06,14.7,8.4,5.6,5.3
Pi5,Gemma-3-1B,Q8_0,"Based on the input, provide the correct spelling of the word.
ambigious",moyen,71,16,2,16,1.63,4.064092334483588e-06,14.6,8.3,5.6,5.24
Pi5,Gemma-3-1B,Q8_0,"Based on the input, provide the correct spelling of the word.
ambigious",moyen,71,16,3,16,1.61,4.091002962156724e-06,14.7,8.6,5.7,5.4
Pi5,Gemma-3-1B,Q8_0,Construct a query that returns information about the Eiffel Tower.,moyen,66,16,1,16,1.56,3.969867875596612e-06,14.3,7.1,4.6,5.24
Pi5,Gemma-3-1B,Q8_0,Construct a query that returns information about the Eiffel Tower.,moyen,66,16,2,16,1.56,4.02065305257288e-06,14.5,6.9,4.4,5.11
Pi5,Gemma-3-1B,Q8_0,Construct a query that returns information about the Eiffel Tower.,moyen,66,16,3,16,1.55,3.997696357537622e-06,14.4,7.1,4.8,5.24
Pi5,Gemma-3-1B,Q8_0,"Create a set from the given input and find its size.
[1, 2, 3, 2, 4, 2]",moyen,71,16,1,16,1.73,4.277300443222657e-06,15.4,8.6,5.7,5.44
Pi5,Gemma-3-1B,Q8_0,"Create a set from the given input and find its size.
[1, 2, 3, 2, 4, 2]",moyen,71,16,2,16,1.72,4.235926752405706e-06,15.2,8.0,5.1,5.08
Pi5,Gemma-3-1B,Q8_0,"Create a set from the given input and find its size.
[1, 2, 3, 2, 4, 2]",moyen,71,16,3,16,1.72,4.245913481454832e-06,15.3,8.5,5.6,5.37
Pi5,Gemma-3-1B,Q8_0,"What are the different types of characters in the given play?
Macbeth",moyen,69,16,1,16,1.71,4.216091945597738e-06,15.2,7.5,4.8,4.74
Pi5,Gemma-3-1B,Q8_0,"What are the different types of characters in the given play?
Macbeth",moyen,69,16,2,16,1.61,4.071794520348584e-06,14.7,8.2,5.2,5.17
Pi5,Gemma-3-1B,Q8_0,"What are the different types of characters in the given play?
Macbeth",moyen,69,16,3,16,1.62,4.124321245708552e-06,14.8,8.3,5.3,5.17
Pi5,Gemma-3-1B,Q8_0,"Find the x-intercept of the line given by the equation.
y = 4x + 10",moyen,67,16,1,16,1.66,4.135569649029216e-06,14.9,8.7,5.9,5.51
Pi5,Gemma-3-1B,Q8_0,"Find the x-intercept of the line given by the equation.
y = 4x + 10",moyen,67,16,2,16,1.71,4.207187988055879e-06,15.1,8.2,5.5,5.17
Pi5,Gemma-3-1B,Q8_0,"Find the x-intercept of the line given by the equation.
y = 4x + 10",moyen,67,16,3,16,1.66,4.1725115488804774e-06,15.0,8.1,5.3,5.11
Pi5,Gemma-3-1B,Q8_0,"Identify the most suitable adverb for the following sentence
She works",moyen,70,16,1,16,1.59,4.065551974669659e-06,14.6,6.2,3.8,4.53
Pi5,Gemma-3-1B,Q8_0,"Identify the most suitable adverb for the following sentence
She works",moyen,70,16,2,16,1.61,4.065029541481305e-06,14.6,7.4,4.6,4.64
Pi5,Gemma-3-1B,Q8_0,"Identify the most suitable adverb for the following sentence
She works",moyen,70,16,3,16,1.57,4.008903515595631e-06,14.4,6.7,4.3,4.91
Pi5,Gemma-3-1B,Q8_0,"Generate a sentence using the words ""caffeine"", ""hunter"", and ""monday"".",moyen,71,16,1,16,1.64,4.13456814555779e-06,14.9,8.4,5.6,5.26
Pi5,Gemma-3-1B,Q8_0,"Generate a sentence using the words ""caffeine"", ""hunter"", and ""monday"".",moyen,71,16,2,16,1.66,4.173160815893673e-06,15.0,7.5,4.9,5.16
Pi5,Gemma-3-1B,Q8_0,"Generate a sentence using the words ""caffeine"", ""hunter"", and ""monday"".",moyen,71,16,3,16,1.64,4.102655475394982e-06,14.8,8.2,5.6,5.64
Pi5,Gemma-3-1B,Q8_0,"Sort the given words from most to least serious
Sneeze, trip, shout",moyen,67,16,1,16,1.64,4.121041694841413e-06,14.8,8.5,5.6,5.36
Pi5,Gemma-3-1B,Q8_0,"Sort the given words from most to least serious
Sneeze, trip, shout",moyen,67,16,2,16,1.65,4.131258047724227e-06,14.9,8.6,5.7,5.41
Pi5,Gemma-3-1B,Q8_0,"Sort the given words from most to least serious
Sneeze, trip, shout",moyen,67,16,3,16,1.64,4.145851972946226e-06,14.9,8.4,5.5,5.26
Pi5,Gemma-3-1B,Q8_0,Come up with at least 5 ways to use deep learning in healthcare.,moyen,64,16,1,16,1.61,4.067166896032642e-06,14.6,7.7,5.2,5.31
Pi5,Gemma-3-1B,Q8_0,Come up with at least 5 ways to use deep learning in healthcare.,moyen,64,16,2,16,1.6,4.09664287449096e-06,14.7,7.5,4.8,5.12
Pi5,Gemma-3-1B,Q8_0,Come up with at least 5 ways to use deep learning in healthcare.,moyen,64,16,3,16,1.58,4.030274614803991e-06,14.5,7.0,4.5,5.15
Pi5,Gemma-3-1B,Q8_0,Describe the concept of artificial intelligence in your own words.,moyen,66,16,1,16,1.55,3.962926444873696e-06,14.3,7.0,4.5,5.13
Pi5,Gemma-3-1B,Q8_0,Describe the concept of artificial intelligence in your own words.,moyen,66,16,2,16,1.55,3.962117418894735e-06,14.3,7.0,4.6,5.12
Pi5,Gemma-3-1B,Q8_0,Describe the concept of artificial intelligence in your own words.,moyen,66,16,3,16,1.57,4.027249743944161e-06,14.5,7.7,5.1,5.26
Pi5,Gemma-3-1B,Q8_0,Follow the given example and create a poem about a passionate sunset.,moyen,69,16,1,16,1.61,4.071210239508058e-06,14.7,8.3,5.4,5.26
Pi5,Gemma-3-1B,Q8_0,Follow the given example and create a poem about a passionate sunset.,moyen,69,16,2,16,1.61,4.0799055769479235e-06,14.7,8.3,5.4,5.22
Pi5,Gemma-3-1B,Q8_0,Follow the given example and create a poem about a passionate sunset.,moyen,69,16,3,16,1.61,4.092200274243315e-06,14.7,8.3,5.4,5.2
Pi5,Gemma-3-1B,Q8_0,"Create three subheadings that could be used to divide the news article.
Tesla announced plans to develop a new battery technology that will increase the range of electric vehicles.",long,180,16,1,16,1.78,4.334915270975402e-06,15.6,8.7,5.8,5.48
Pi5,Gemma-3-1B,Q8_0,"Create three subheadings that could be used to divide the news article.
Tesla announced plans to develop a new battery technology that will increase the range of electric vehicles.",long,180,16,2,16,1.79,4.36212425882569e-06,15.7,9.2,6.2,5.46
Pi5,Gemma-3-1B,Q8_0,"Create three subheadings that could be used to divide the news article.
Tesla announced plans to develop a new battery technology that will increase the range of electric vehicles.",long,180,16,3,16,1.78,4.330643414983265e-06,15.6,8.5,5.7,5.33
Pi5,Gemma-3-1B,Q8_0,"Given a string word and a dictionary of words, determine whether the word is a valid word.
String word: ""hello""
Dictionary of words: { ""hi"", ""bye"", ""hello"", ""world"" }",long,166,16,1,16,1.87,4.494458307630168e-06,16.2,10.5,7.3,5.77
Pi5,Gemma-3-1B,Q8_0,"Given a string word and a dictionary of words, determine whether the word is a valid word.
String word: ""hello""
Dictionary of words: { ""hi"", ""bye"", ""hello"", ""world"" }",long,166,16,2,16,1.88,4.483906718481355e-06,16.1,10.0,6.7,5.53
Pi5,Gemma-3-1B,Q8_0,"Given a string word and a dictionary of words, determine whether the word is a valid word.
String word: ""hello""
Dictionary of words: { ""hi"", ""bye"", ""hello"", ""world"" }",long,166,16,3,16,1.85,4.430996897932738e-06,16.0,10.0,6.8,5.53
Pi5,Gemma-3-1B,Q8_0,"Given the following conditions, formulate a hypothesis.
Temperature, humidity, and precipitation levels are higher during the summer than the winter.",long,149,16,1,16,1.74,4.289962332209506e-06,15.4,8.8,6.1,5.55
Pi5,Gemma-3-1B,Q8_0,"Given the following conditions, formulate a hypothesis.
Temperature, humidity, and precipitation levels are higher during the summer than the winter.",long,149,16,2,16,1.74,4.294562898354512e-06,15.5,8.7,5.8,5.48
Pi5,Gemma-3-1B,Q8_0,"Given the following conditions, formulate a hypothesis.
Temperature, humidity, and precipitation levels are higher during the summer than the winter.",long,149,16,3,16,1.74,4.271858135934987e-06,15.4,8.6,5.7,5.4
Pi5,Gemma-3-1B,Q8_0,"Make an assumption based on the following data.
90% of surveyed software developers work more than 8 hours a day, while only 10% work less than 8 hours a day",long,157,16,1,16,1.81,4.387349395718853e-06,15.8,8.4,5.6,5.29
Pi5,Gemma-3-1B,Q8_0,"Make an assumption based on the following data.
90% of surveyed software developers work more than 8 hours a day, while only 10% work less than 8 hours a day",long,157,16,2,16,1.81,4.394516217072742e-06,15.8,8.9,6.1,5.64
Pi5,Gemma-3-1B,Q8_0,"Make an assumption based on the following data.
90% of surveyed software developers work more than 8 hours a day, while only 10% work less than 8 hours a day",long,157,16,3,16,1.81,4.370080172347052e-06,15.7,8.8,6.0,5.56
Pi5,Gemma-3-1B,Q8_0,"Given the following details, write a short paragraph about a vacation destination.
Destination: Mexico 
Time of Year: Summer 
Activities: Swimming, fishing, snorkeling, zip-lining",long,179,16,1,16,1.84,4.4436214707484394e-06,16.0,9.2,6.1,5.46
Pi5,Gemma-3-1B,Q8_0,"Given the following details, write a short paragraph about a vacation destination.
Destination: Mexico 
Time of Year: Summer 
Activities: Swimming, fishing, snorkeling, zip-lining",long,179,16,2,16,1.84,4.428151536581933e-06,15.9,8.7,5.9,5.46
Pi5,Gemma-3-1B,Q8_0,"Given the following details, write a short paragraph about a vacation destination.
Destination: Mexico 
Time of Year: Summer 
Activities: Swimming, fishing, snorkeling, zip-lining",long,179,16,3,16,1.83,4.429901751647304e-06,15.9,9.4,6.3,5.58
Pi5,Gemma-3-1B,Q8_0,"Generate a random password with 8 characters containing at least one number, one special character, one capital letter and one lowercase letter.",long,144,16,1,16,1.72,4.2383283855251194e-06,15.3,8.3,5.4,5.25
Pi5,Gemma-3-1B,Q8_0,"Generate a random password with 8 characters containing at least one number, one special character, one capital letter and one lowercase letter.",long,144,16,2,16,1.78,4.426671520284601e-06,15.9,8.7,5.6,5.48
Pi5,Gemma-3-1B,Q8_0,"Generate a random password with 8 characters containing at least one number, one special character, one capital letter and one lowercase letter.",long,144,16,3,16,1.74,4.28533903807772e-06,15.4,9.5,6.4,5.59
Pi5,Gemma-3-1B,Q8_0,"Edit the following to make it suitable for school-aged children.
Bob and Bill were arguing over who was the best player on the basketball team.",long,143,16,1,16,1.77,4.315231518248478e-06,15.5,8.3,5.5,5.2
Pi5,Gemma-3-1B,Q8_0,"Edit the following to make it suitable for school-aged children.
Bob and Bill were arguing over who was the best player on the basketball team.",long,143,16,2,16,1.76,4.333230708405592e-06,15.6,8.4,5.6,5.33
Pi5,Gemma-3-1B,Q8_0,"Edit the following to make it suitable for school-aged children.
Bob and Bill were arguing over who was the best player on the basketball team.",long,143,16,3,16,1.75,4.290718822817503e-06,15.4,8.3,5.6,5.2
Pi5,Gemma-3-1B,Q8_0,"Given a description of a situation, provide an appropriate ethical judgement.
A chef was not happy with the performance of a waiter, so he yelled and cursed at him in front of other people.",long,189,16,1,16,1.79,4.335893604655936e-06,15.6,8.3,5.5,5.21
Pi5,Gemma-3-1B,Q8_0,"Given a description of a situation, provide an appropriate ethical judgement.
A chef was not happy with the performance of a waiter, so he yelled and cursed at him in front of other people.",long,189,16,2,16,1.79,4.370015940371299e-06,15.7,8.7,5.8,5.47
Pi5,Gemma-3-1B,Q8_0,"Given a description of a situation, provide an appropriate ethical judgement.
A chef was not happy with the performance of a waiter, so he yelled and cursed at him in front of other people.",long,189,16,3,16,1.79,4.357898011698701e-06,15.7,8.7,5.9,5.46
Pi5,Gemma-3-1B,Q8_0,"Rewrite this poem to make it more vivid and interesting.
Once I had a house
where I made a thousand memories
It served me well
but now I'm gone",long,143,16,1,16,1.79,4.379940883217557e-06,15.8,8.5,5.7,5.34
Pi5,Gemma-3-1B,Q8_0,"Rewrite this poem to make it more vivid and interesting.
Once I had a house
where I made a thousand memories
It served me well
but now I'm gone",long,143,16,2,16,1.79,4.368157657488914e-06,15.7,9.0,6.1,5.35
Pi5,Gemma-3-1B,Q8_0,"Rewrite this poem to make it more vivid and interesting.
Once I had a house
where I made a thousand memories
It served me well
but now I'm gone",long,143,16,3,16,1.78,4.349495537417574e-06,15.7,9.0,6.2,5.69
Pi5,Gemma-3-1B,Q8_0,"Categorize the following text into one of the genres: Comedy, Thriller, Romance, or Drama.
Two kids from very different backgrounds meet in summer camp and form an unlikely friendship.",long,184,16,1,16,1.84,4.4364321498724524e-06,16.0,9.1,5.9,4.98
Pi5,Gemma-3-1B,Q8_0,"Categorize the following text into one of the genres: Comedy, Thriller, Romance, or Drama.
Two kids from very different backgrounds meet in summer camp and form an unlikely friendship.",long,184,16,2,16,1.83,4.442172057601835e-06,16.0,10.0,6.7,5.53
Pi5,Gemma-3-1B,Q8_0,"Categorize the following text into one of the genres: Comedy, Thriller, Romance, or Drama.
Two kids from very different backgrounds meet in summer camp and form an unlikely friendship.",long,184,16,3,16,1.85,4.44263591554472e-06,16.0,9.9,6.7,5.45
Pi5,Gemma-3-1B,Q8_0,"Label the following news article as either ""Political"" or ""Entertainment""
Ansel Elgort and Gabrielle Union have both been cast in a new romantic summer movie to be released in 2022.",long,181,16,1,16,1.84,4.41009315040478e-06,15.9,8.6,5.5,4.73
Pi5,Gemma-3-1B,Q8_0,"Label the following news article as either ""Political"" or ""Entertainment""
Ansel Elgort and Gabrielle Union have both been cast in a new romantic summer movie to be released in 2022.",long,181,16,2,16,1.84,4.4407214646986315e-06,16.0,9.8,6.6,5.41
Pi5,Gemma-3-1B,Q8_0,"Label the following news article as either ""Political"" or ""Entertainment""
Ansel Elgort and Gabrielle Union have both been cast in a new romantic summer movie to be released in 2022.",long,181,16,3,16,1.84,4.4419401645883535e-06,16.0,10.0,6.7,5.48
Pi5,Gemma-3-1B,Q8_0,"Identify the sentence in the given paragraph that contains all the given words.
Words: happiness, life, strive 
Paragraph:
Living your best life means striving for happiness in all aspects of life. Happiness can be found in the small daily moments, but also through being content with what you have. You don’t need to struggle to be content. You just need to shift how you look at life in order to see the beauty that already exists.",long,433,16,1,16,2.25,4.8638267186676895e-06,17.5,11.9,8.3,5.82
Pi5,Gemma-3-1B,Q8_0,"Identify the sentence in the given paragraph that contains all the given words.
Words: happiness, life, strive 
Paragraph:
Living your best life means striving for happiness in all aspects of life. Happiness can be found in the small daily moments, but also through being content with what you have. You don’t need to struggle to be content. You just need to shift how you look at life in order to see the beauty that already exists.",long,433,16,2,16,2.27,4.872813477558728e-06,17.5,11.2,7.4,5.47
Pi5,Gemma-3-1B,Q8_0,"Identify the sentence in the given paragraph that contains all the given words.
Words: happiness, life, strive 
Paragraph:
Living your best life means striving for happiness in all aspects of life. Happiness can be found in the small daily moments, but also through being content with what you have. You don’t need to struggle to be content. You just need to shift how you look at life in order to see the beauty that already exists.",long,433,16,3,16,2.29,4.924845352853325e-06,17.7,13.4,9.2,5.91
Pi5,Gemma-3-1B,Q8_0,"Frame a one-sentence hypothesis given the following information.
The goal of the study is to analyze the impact of online learning platforms on student performance.",long,164,16,1,16,1.76,4.308874031995289e-06,15.5,8.6,5.7,5.41
Pi5,Gemma-3-1B,Q8_0,"Frame a one-sentence hypothesis given the following information.
The goal of the study is to analyze the impact of online learning platforms on student performance.",long,164,16,2,16,1.79,4.3389902431351015e-06,15.6,8.6,5.7,5.37
Pi5,Gemma-3-1B,Q8_0,"Frame a one-sentence hypothesis given the following information.
The goal of the study is to analyze the impact of online learning platforms on student performance.",long,164,16,3,16,1.75,4.282248401597488e-06,15.4,8.4,5.5,5.28
Pi5,Gemma-3-1B,Q8_0,"Identify if the given sentence is a rhetorical question or not. Output 1 for rhetorical question, and 0 for not.
Are you out of your mind?",long,138,16,1,16,1.77,4.317636240857834e-06,15.5,9.1,6.1,5.35
Pi5,Gemma-3-1B,Q8_0,"Identify if the given sentence is a rhetorical question or not. Output 1 for rhetorical question, and 0 for not.
Are you out of your mind?",long,138,16,2,16,1.78,4.354351722714371e-06,15.7,8.2,5.4,5.17
Pi5,Gemma-3-1B,Q8_0,"Identify if the given sentence is a rhetorical question or not. Output 1 for rhetorical question, and 0 for not.
Are you out of your mind?",long,138,16,3,16,1.77,4.3225444290962406e-06,15.6,8.5,5.7,5.39
Pi5,Gemma-3-1B,Q8_0,"Create a short news article summarizing the following information.
A new report from the World Health Organization suggests that mental health in adolescents is declining due to increased social media and technology use.",long,220,16,1,16,1.78,4.33476937999584e-06,15.6,8.9,5.9,5.6
Pi5,Gemma-3-1B,Q8_0,"Create a short news article summarizing the following information.
A new report from the World Health Organization suggests that mental health in adolescents is declining due to increased social media and technology use.",long,220,16,2,16,1.78,4.361396570588303e-06,15.7,8.7,5.9,5.47
Pi5,Gemma-3-1B,Q8_0,"Create a short news article summarizing the following information.
A new report from the World Health Organization suggests that mental health in adolescents is declining due to increased social media and technology use.",long,220,16,3,16,1.8,4.38164781969602e-06,15.8,7.9,5.3,5.02
Pi5,Gemma-3-1B,Q8_0,Does cognitive empathy exist?,court,29,64,1,64,5.86,1.1969539797663321e-05,43.1,29.3,19.3,5.19
Pi5,Gemma-3-1B,Q8_0,Does cognitive empathy exist?,court,29,64,2,64,6.01,1.2848915704576494e-05,46.3,31.3,20.6,5.22
Pi5,Gemma-3-1B,Q8_0,Does cognitive empathy exist?,court,29,64,3,64,5.91,1.2088946983679295e-05,43.5,30.9,20.2,5.25
Pi5,Gemma-3-1B,Q8_0,Generate a movie review,court,23,64,1,64,5.88,1.2020356863956568e-05,43.3,30.6,20.0,5.23
Pi5,Gemma-3-1B,Q8_0,Generate a movie review,court,23,64,2,64,5.83,1.1940338730105045e-05,43.0,29.6,19.3,5.14
Pi5,Gemma-3-1B,Q8_0,Generate a movie review,court,23,64,3,64,5.83,1.1972306277791008e-05,43.1,28.5,18.2,5.04
Pi5,Gemma-3-1B,Q8_0,Identify popular dishes in Mexico.,court,34,64,1,64,5.94,1.2164843883373968e-05,43.8,30.4,19.9,5.17
Pi5,Gemma-3-1B,Q8_0,Identify popular dishes in Mexico.,court,34,64,2,64,5.92,1.2205833699126725e-05,43.9,30.9,20.3,5.26
Pi5,Gemma-3-1B,Q8_0,Identify popular dishes in Mexico.,court,34,64,3,64,5.9,1.2001686584455175e-05,43.2,30.2,19.6,5.15
Pi5,Gemma-3-1B,Q8_0,What is unique about a hyperbole?,court,33,64,1,64,5.88,1.202973921474081e-05,43.3,29.7,19.5,5.16
Pi5,Gemma-3-1B,Q8_0,What is unique about a hyperbole?,court,33,64,2,64,5.86,1.2063927506470261e-05,43.4,29.4,19.2,5.2
Pi5,Gemma-3-1B,Q8_0,What is unique about a hyperbole?,court,33,64,3,64,5.87,1.1997018528527495e-05,43.2,28.7,18.5,5.07
Pi5,Gemma-3-1B,Q8_0,Write an emergency response plan,court,32,64,1,64,5.93,1.207807262304737e-05,43.5,30.2,19.6,5.13
Pi5,Gemma-3-1B,Q8_0,Write an emergency response plan,court,32,64,2,64,5.86,1.2045686944172594e-05,43.4,29.6,19.4,5.24
Pi5,Gemma-3-1B,Q8_0,Write an emergency response plan,court,32,64,3,64,6.01,1.2753839323995506e-05,45.9,31.6,20.9,5.29
Pi5,Gemma-3-1B,Q8_0,Generate a quiz about physics.,court,30,64,1,64,5.9,1.205173843661182e-05,43.4,31.3,20.4,5.32
Pi5,Gemma-3-1B,Q8_0,Generate a quiz about physics.,court,30,64,2,64,5.91,1.2106097175435124e-05,43.6,31.0,20.4,5.27
Pi5,Gemma-3-1B,Q8_0,Generate a quiz about physics.,court,30,64,3,64,5.88,1.2003138208897342e-05,43.2,29.4,19.1,5.12
Pi5,Gemma-3-1B,Q8_0,Develop a metaphor for hope.,court,28,64,1,64,5.9,1.2040669708543165e-05,43.3,30.6,20.3,5.21
Pi5,Gemma-3-1B,Q8_0,Develop a metaphor for hope.,court,28,64,2,64,5.9,1.2071634622715144e-05,43.5,30.2,19.7,5.14
Pi5,Gemma-3-1B,Q8_0,Develop a metaphor for hope.,court,28,64,3,64,5.88,1.2043241985736648e-05,43.4,30.3,19.9,5.26
Pi5,Gemma-3-1B,Q8_0,"Summarize the poem ""Beat! Beat! Drums!""",court,39,64,1,64,5.87,1.2000669406934284e-05,43.2,29.4,19.3,5.2
Pi5,Gemma-3-1B,Q8_0,"Summarize the poem ""Beat! Beat! Drums!""",court,39,64,2,64,5.87,1.2001827253527144e-05,43.2,29.4,19.2,5.21
Pi5,Gemma-3-1B,Q8_0,"Summarize the poem ""Beat! Beat! Drums!""",court,39,64,3,64,5.86,1.1966450208940983e-05,43.1,28.7,18.8,5.08
Pi5,Gemma-3-1B,Q8_0,Describe the primary colors.,court,28,64,1,64,5.85,1.2003650476931166e-05,43.2,29.4,19.1,5.21
Pi5,Gemma-3-1B,Q8_0,Describe the primary colors.,court,28,64,2,64,5.85,1.1960303538265258e-05,43.1,29.9,19.7,5.28
Pi5,Gemma-3-1B,Q8_0,Describe the primary colors.,court,28,64,3,64,5.85,1.2008484042843033e-05,43.2,29.8,19.6,5.27
Pi5,Gemma-3-1B,Q8_0,Name two first aid treatments for a cut.,court,40,64,1,64,5.9,1.2011576412241526e-05,43.2,30.9,20.4,5.27
Pi5,Gemma-3-1B,Q8_0,Name two first aid treatments for a cut.,court,40,64,2,64,5.89,1.2073766606471853e-05,43.5,30.6,20.1,5.32
Pi5,Gemma-3-1B,Q8_0,Name two first aid treatments for a cut.,court,40,64,3,64,5.91,1.212013489229027e-05,43.6,31.3,20.7,5.32
Pi5,Gemma-3-1B,Q8_0,Write one sentence about handwashing.,court,37,64,1,64,5.83,1.2006633445815156e-05,43.2,29.5,19.3,5.23
Pi5,Gemma-3-1B,Q8_0,Write one sentence about handwashing.,court,37,64,2,64,5.83,1.1880172835763667e-05,42.8,29.4,19.4,5.21
Pi5,Gemma-3-1B,Q8_0,Write one sentence about handwashing.,court,37,64,3,64,5.85,1.205684672616421e-05,43.4,29.5,19.5,5.23
Pi5,Gemma-3-1B,Q8_0,Who is Samantha Andrews?,court,24,64,1,64,5.86,1.2012979950092646e-05,43.2,30.0,19.8,5.31
Pi5,Gemma-3-1B,Q8_0,Who is Samantha Andrews?,court,24,64,2,64,5.86,1.1949780667663708e-05,43.0,29.5,19.1,5.13
Pi5,Gemma-3-1B,Q8_0,Who is Samantha Andrews?,court,24,64,3,64,5.86,1.199893791664842e-05,43.2,29.9,19.7,5.29
Pi5,Gemma-3-1B,Q8_0,What year did WW2 start?,court,24,64,1,64,5.87,1.1968112722010294e-05,43.1,29.9,19.7,5.3
Pi5,Gemma-3-1B,Q8_0,What year did WW2 start?,court,24,64,2,64,5.84,1.1961782036939085e-05,43.1,29.5,19.5,5.21
Pi5,Gemma-3-1B,Q8_0,What year did WW2 start?,court,24,64,3,64,5.83,1.1925233946430523e-05,42.9,29.2,19.0,5.16
Pi5,Gemma-3-1B,Q8_0,Give 10 features of the sun.,court,28,64,1,64,5.89,1.207051561422467e-05,43.5,30.0,19.6,5.21
Pi5,Gemma-3-1B,Q8_0,Give 10 features of the sun.,court,28,64,2,64,5.9,1.2033751283758312e-05,43.3,31.2,20.5,5.31
Pi5,Gemma-3-1B,Q8_0,Give 10 features of the sun.,court,28,64,3,64,5.89,1.2090671767006169e-05,43.5,30.4,20.2,5.29
Pi5,Gemma-3-1B,Q8_0,Write a mock newspaper headline.,court,32,64,1,64,5.9,1.2062336312700549e-05,43.4,31.5,20.9,5.35
Pi5,Gemma-3-1B,Q8_0,Write a mock newspaper headline.,court,32,64,2,64,5.9,1.203465612085204e-05,43.3,30.8,20.4,5.24
Pi5,Gemma-3-1B,Q8_0,Write a mock newspaper headline.,court,32,64,3,64,5.9,1.2038988330609307e-05,43.3,30.7,20.0,5.22
Pi5,Gemma-3-1B,Q8_0,Create a data visualization of the latest COVID-19 cases in the US.,moyen,67,64,1,64,5.94,1.226144152241499e-05,44.1,31.6,20.8,5.38
Pi5,Gemma-3-1B,Q8_0,Create a data visualization of the latest COVID-19 cases in the US.,moyen,67,64,2,64,5.95,1.2354953696081613e-05,44.5,31.5,20.9,5.36
Pi5,Gemma-3-1B,Q8_0,Create a data visualization of the latest COVID-19 cases in the US.,moyen,67,64,3,64,5.93,1.2121649908864814e-05,43.6,31.8,21.1,5.41
Pi5,Gemma-3-1B,Q8_0,"Calculate the price after discount.
Regular price: $100, Discount: 15%",moyen,70,64,1,64,6.0,1.2264825072315519e-05,44.2,31.7,21.0,5.31
Pi5,Gemma-3-1B,Q8_0,"Calculate the price after discount.
Regular price: $100, Discount: 15%",moyen,70,64,2,64,5.99,1.2188641906832958e-05,43.9,31.1,20.7,5.3
Pi5,Gemma-3-1B,Q8_0,"Calculate the price after discount.
Regular price: $100, Discount: 15%",moyen,70,64,3,64,6.0,1.2261106722291012e-05,44.1,32.0,21.2,5.35
Pi5,Gemma-3-1B,Q8_0,"Parse the given sentence grammatically.
The small jar sat on the shelf.",moyen,71,64,1,64,5.94,1.216416149229788e-05,43.8,31.6,21.2,5.39
Pi5,Gemma-3-1B,Q8_0,"Parse the given sentence grammatically.
The small jar sat on the shelf.",moyen,71,64,2,64,5.98,1.253282784807413e-05,45.1,31.2,20.7,5.34
Pi5,Gemma-3-1B,Q8_0,"Parse the given sentence grammatically.
The small jar sat on the shelf.",moyen,71,64,3,64,5.95,1.2157629125565826e-05,43.8,31.5,20.8,5.35
Pi5,Gemma-3-1B,Q8_0,"Rewrite the given program in Java.
a = 4
b = 5
c = a + b
print(c)",moyen,65,64,1,64,6.03,1.1777783073850656e-05,42.4,32.0,21.3,5.45
Pi5,Gemma-3-1B,Q8_0,"Rewrite the given program in Java.
a = 4
b = 5
c = a + b
print(c)",moyen,65,64,2,64,6.04,1.1901086450929852e-05,42.8,30.2,19.8,5.14
Pi5,Gemma-3-1B,Q8_0,"Rewrite the given program in Java.
a = 4
b = 5
c = a + b
print(c)",moyen,65,64,3,64,6.02,1.1800195235459624e-05,42.5,31.4,20.6,5.34
Pi5,Gemma-3-1B,Q8_0,"Based on the input, provide the correct spelling of the word.
ambigious",moyen,71,64,1,21,2.16,4.6605301075806e-06,16.8,10.8,7.1,5.28
Pi5,Gemma-3-1B,Q8_0,"Based on the input, provide the correct spelling of the word.
ambigious",moyen,71,64,2,21,2.18,4.729065933054487e-06,17.0,10.6,6.9,5.17
Pi5,Gemma-3-1B,Q8_0,"Based on the input, provide the correct spelling of the word.
ambigious",moyen,71,64,3,21,2.15,4.624964283720823e-06,16.6,10.7,7.0,5.25
Pi5,Gemma-3-1B,Q8_0,Construct a query that returns information about the Eiffel Tower.,moyen,66,64,1,64,5.92,1.2083366925039146e-05,43.5,30.6,20.0,5.2
Pi5,Gemma-3-1B,Q8_0,Construct a query that returns information about the Eiffel Tower.,moyen,66,64,2,64,5.92,1.2130228145150162e-05,43.7,30.9,20.4,5.26
Pi5,Gemma-3-1B,Q8_0,Construct a query that returns information about the Eiffel Tower.,moyen,66,64,3,64,5.94,1.2180906707804234e-05,43.9,30.3,19.8,5.16
Pi5,Gemma-3-1B,Q8_0,"Create a set from the given input and find its size.
[1, 2, 3, 2, 4, 2]",moyen,71,64,1,64,6.06,1.1843634273506077e-05,42.6,31.6,21.1,5.29
Pi5,Gemma-3-1B,Q8_0,"Create a set from the given input and find its size.
[1, 2, 3, 2, 4, 2]",moyen,71,64,2,64,6.04,1.1986835386157692e-05,43.2,31.1,20.4,5.2
Pi5,Gemma-3-1B,Q8_0,"Create a set from the given input and find its size.
[1, 2, 3, 2, 4, 2]",moyen,71,64,3,64,6.07,1.1967412890925662e-05,43.1,32.0,21.4,5.35
Pi5,Gemma-3-1B,Q8_0,"What are the different types of characters in the given play?
Macbeth",moyen,69,64,1,64,5.91,1.212001889553992e-05,43.6,30.8,19.9,5.23
Pi5,Gemma-3-1B,Q8_0,"What are the different types of characters in the given play?
Macbeth",moyen,69,64,2,64,6.05,1.2953208758564534e-05,46.6,30.3,19.8,5.15
Pi5,Gemma-3-1B,Q8_0,"What are the different types of characters in the given play?
Macbeth",moyen,69,64,3,64,5.89,1.2024767054265447e-05,43.3,30.4,20.1,5.28
Pi5,Gemma-3-1B,Q8_0,"Find the x-intercept of the line given by the equation.
y = 4x + 10",moyen,67,64,1,64,5.99,1.2238620947682477e-05,44.1,31.8,21.3,5.42
Pi5,Gemma-3-1B,Q8_0,"Find the x-intercept of the line given by the equation.
y = 4x + 10",moyen,67,64,2,64,5.99,1.2200494107797756e-05,43.9,31.9,21.2,5.42
Pi5,Gemma-3-1B,Q8_0,"Find the x-intercept of the line given by the equation.
y = 4x + 10",moyen,67,64,3,64,5.97,1.2243180076859292e-05,44.1,31.5,21.0,5.37
Pi5,Gemma-3-1B,Q8_0,"Identify the most suitable adverb for the following sentence
She works",moyen,70,64,1,64,5.91,1.2075652375760335e-05,43.5,31.2,20.7,5.31
Pi5,Gemma-3-1B,Q8_0,"Identify the most suitable adverb for the following sentence
She works",moyen,70,64,2,64,5.91,1.2151217379210507e-05,43.7,30.8,20.3,5.24
Pi5,Gemma-3-1B,Q8_0,"Identify the most suitable adverb for the following sentence
She works",moyen,70,64,3,64,5.89,1.2015031775812656e-05,43.3,30.0,19.6,5.22
Pi5,Gemma-3-1B,Q8_0,"Generate a sentence using the words ""caffeine"", ""hunter"", and ""monday"".",moyen,71,64,1,38,3.74,8.096381500163613e-06,29.1,19.5,13.1,5.39
Pi5,Gemma-3-1B,Q8_0,"Generate a sentence using the words ""caffeine"", ""hunter"", and ""monday"".",moyen,71,64,2,38,3.73,8.090900053780523e-06,29.1,19.5,12.9,5.39
Pi5,Gemma-3-1B,Q8_0,"Generate a sentence using the words ""caffeine"", ""hunter"", and ""monday"".",moyen,71,64,3,38,3.74,8.052649114107604e-06,29.0,19.3,12.9,5.33
Pi5,Gemma-3-1B,Q8_0,"Sort the given words from most to least serious
Sneeze, trip, shout",moyen,67,64,1,64,5.98,1.2190663509154665e-05,43.9,31.3,20.9,5.32
Pi5,Gemma-3-1B,Q8_0,"Sort the given words from most to least serious
Sneeze, trip, shout",moyen,67,64,2,64,5.96,1.2229499695817016e-05,44.0,31.5,20.9,5.36
Pi5,Gemma-3-1B,Q8_0,"Sort the given words from most to least serious
Sneeze, trip, shout",moyen,67,64,3,64,5.99,1.2223420025063873e-05,44.0,31.1,20.5,5.29
Pi5,Gemma-3-1B,Q8_0,Come up with at least 5 ways to use deep learning in healthcare.,moyen,64,64,1,64,5.96,1.2214240383538868e-05,44.0,31.4,20.7,5.35
Pi5,Gemma-3-1B,Q8_0,Come up with at least 5 ways to use deep learning in healthcare.,moyen,64,64,2,64,5.97,1.2198218185077679e-05,43.9,30.0,19.5,5.22
Pi5,Gemma-3-1B,Q8_0,Come up with at least 5 ways to use deep learning in healthcare.,moyen,64,64,3,64,5.97,1.2153775293094949e-05,43.8,30.9,20.4,5.26
Pi5,Gemma-3-1B,Q8_0,Describe the concept of artificial intelligence in your own words.,moyen,66,64,1,64,5.92,1.213631153361469e-05,43.7,30.5,20.2,5.34
Pi5,Gemma-3-1B,Q8_0,Describe the concept of artificial intelligence in your own words.,moyen,66,64,2,64,5.88,1.2085049884943629e-05,43.5,29.8,19.5,5.26
Pi5,Gemma-3-1B,Q8_0,Describe the concept of artificial intelligence in your own words.,moyen,66,64,3,64,5.88,1.2054151230872499e-05,43.4,31.1,20.6,5.32
Pi5,Gemma-3-1B,Q8_0,Follow the given example and create a poem about a passionate sunset.,moyen,69,64,1,64,5.93,1.2135908050796971e-05,43.7,31.5,20.9,5.35
Pi5,Gemma-3-1B,Q8_0,Follow the given example and create a poem about a passionate sunset.,moyen,69,64,2,64,5.94,1.2176836252306782e-05,43.8,31.4,20.8,5.34
Pi5,Gemma-3-1B,Q8_0,Follow the given example and create a poem about a passionate sunset.,moyen,69,64,3,64,5.92,1.216777029527987e-05,43.8,30.1,19.7,5.22
Pi5,Gemma-3-1B,Q8_0,"Create three subheadings that could be used to divide the news article.
Tesla announced plans to develop a new battery technology that will increase the range of electric vehicles.",long,180,64,1,64,6.08,1.193392912986594e-05,43.0,31.3,20.7,5.33
Pi5,Gemma-3-1B,Q8_0,"Create three subheadings that could be used to divide the news article.
Tesla announced plans to develop a new battery technology that will increase the range of electric vehicles.",long,180,64,2,64,6.09,1.1909409954419382e-05,42.9,31.7,21.2,5.3
Pi5,Gemma-3-1B,Q8_0,"Create three subheadings that could be used to divide the news article.
Tesla announced plans to develop a new battery technology that will increase the range of electric vehicles.",long,180,64,3,64,6.1,1.1927035364876322e-05,42.9,30.8,20.3,5.24
Pi5,Gemma-3-1B,Q8_0,"Given a string word and a dictionary of words, determine whether the word is a valid word.
String word: ""hello""
Dictionary of words: { ""hi"", ""bye"", ""hello"", ""world"" }",long,166,64,1,64,6.23,1.2235444318983311e-05,44.0,32.6,21.6,5.25
Pi5,Gemma-3-1B,Q8_0,"Given a string word and a dictionary of words, determine whether the word is a valid word.
String word: ""hello""
Dictionary of words: { ""hi"", ""bye"", ""hello"", ""world"" }",long,166,64,2,64,6.22,1.2264247481673002e-05,44.2,32.4,21.3,5.3
Pi5,Gemma-3-1B,Q8_0,"Given a string word and a dictionary of words, determine whether the word is a valid word.
String word: ""hello""
Dictionary of words: { ""hi"", ""bye"", ""hello"", ""world"" }",long,166,64,3,64,6.22,1.2145452621309629e-05,43.7,33.3,22.3,5.45
Pi5,Gemma-3-1B,Q8_0,"Given the following conditions, formulate a hypothesis.
Temperature, humidity, and precipitation levels are higher during the summer than the winter.",long,149,64,1,64,6.05,1.1780440603881446e-05,42.4,31.5,20.9,5.36
Pi5,Gemma-3-1B,Q8_0,"Given the following conditions, formulate a hypothesis.
Temperature, humidity, and precipitation levels are higher during the summer than the winter.",long,149,64,2,64,6.05,1.1874130854113833e-05,42.7,31.5,21.0,5.35
Pi5,Gemma-3-1B,Q8_0,"Given the following conditions, formulate a hypothesis.
Temperature, humidity, and precipitation levels are higher during the summer than the winter.",long,149,64,3,64,6.05,1.1872904495418885e-05,42.7,31.2,20.7,5.31
Pi5,Gemma-3-1B,Q8_0,"Make an assumption based on the following data.
90% of surveyed software developers work more than 8 hours a day, while only 10% work less than 8 hours a day",long,157,64,1,64,6.13,1.1975003613412859e-05,43.1,32.1,21.4,5.36
Pi5,Gemma-3-1B,Q8_0,"Make an assumption based on the following data.
90% of surveyed software developers work more than 8 hours a day, while only 10% work less than 8 hours a day",long,157,64,2,64,6.14,1.2042418405326615e-05,43.4,32.6,21.6,5.33
Pi5,Gemma-3-1B,Q8_0,"Make an assumption based on the following data.
90% of surveyed software developers work more than 8 hours a day, while only 10% work less than 8 hours a day",long,157,64,3,64,6.13,1.196809215855421e-05,43.1,32.1,21.2,5.25
Pi5,Gemma-3-1B,Q8_0,"Given the following details, write a short paragraph about a vacation destination.
Destination: Mexico 
Time of Year: Summer 
Activities: Swimming, fishing, snorkeling, zip-lining",long,179,64,1,64,6.16,1.2018314751805439e-05,43.3,31.9,21.0,5.34
Pi5,Gemma-3-1B,Q8_0,"Given the following details, write a short paragraph about a vacation destination.
Destination: Mexico 
Time of Year: Summer 
Activities: Swimming, fishing, snorkeling, zip-lining",long,179,64,2,64,6.14,1.1962371568833944e-05,43.1,32.2,21.3,5.28
Pi5,Gemma-3-1B,Q8_0,"Given the following details, write a short paragraph about a vacation destination.
Destination: Mexico 
Time of Year: Summer 
Activities: Swimming, fishing, snorkeling, zip-lining",long,179,64,3,64,6.15,1.2043233507103759e-05,43.4,32.4,21.5,5.3
Pi5,Gemma-3-1B,Q8_0,"Generate a random password with 8 characters containing at least one number, one special character, one capital letter and one lowercase letter.",long,144,64,1,64,6.05,1.1840267070146416e-05,42.6,31.2,20.7,5.31
Pi5,Gemma-3-1B,Q8_0,"Generate a random password with 8 characters containing at least one number, one special character, one capital letter and one lowercase letter.",long,144,64,2,64,6.09,1.2043306948735292e-05,43.4,32.0,21.2,5.34
Pi5,Gemma-3-1B,Q8_0,"Generate a random password with 8 characters containing at least one number, one special character, one capital letter and one lowercase letter.",long,144,64,3,64,6.05,1.1868714985687442e-05,42.7,31.4,20.7,5.33
Pi5,Gemma-3-1B,Q8_0,"Edit the following to make it suitable for school-aged children.
Bob and Bill were arguing over who was the best player on the basketball team.",long,143,64,1,64,6.08,1.194413858254914e-05,43.0,32.0,21.4,5.44
Pi5,Gemma-3-1B,Q8_0,"Edit the following to make it suitable for school-aged children.
Bob and Bill were arguing over who was the best player on the basketball team.",long,143,64,2,64,6.09,1.1932539932529608e-05,43.0,31.6,20.8,5.38
Pi5,Gemma-3-1B,Q8_0,"Edit the following to make it suitable for school-aged children.
Bob and Bill were arguing over who was the best player on the basketball team.",long,143,64,3,64,6.09,1.1930581417449938e-05,43.0,32.5,21.7,5.35
Pi5,Gemma-3-1B,Q8_0,"Given a description of a situation, provide an appropriate ethical judgement.
A chef was not happy with the performance of a waiter, so he yelled and cursed at him in front of other people.",long,189,64,1,64,6.13,1.2118054017665495e-05,43.6,32.2,21.4,5.38
Pi5,Gemma-3-1B,Q8_0,"Given a description of a situation, provide an appropriate ethical judgement.
A chef was not happy with the performance of a waiter, so he yelled and cursed at him in front of other people.",long,189,64,2,64,6.13,1.2017853682393102e-05,43.3,32.3,21.2,5.28
Pi5,Gemma-3-1B,Q8_0,"Given a description of a situation, provide an appropriate ethical judgement.
A chef was not happy with the performance of a waiter, so he yelled and cursed at him in front of other people.",long,189,64,3,64,6.13,1.1959432799476666e-05,43.1,33.2,22.1,5.43
Pi5,Gemma-3-1B,Q8_0,"Rewrite this poem to make it more vivid and interesting.
Once I had a house
where I made a thousand memories
It served me well
but now I'm gone",long,143,64,1,64,6.13,1.1897952640432835e-05,42.8,32.5,21.6,5.32
Pi5,Gemma-3-1B,Q8_0,"Rewrite this poem to make it more vivid and interesting.
Once I had a house
where I made a thousand memories
It served me well
but now I'm gone",long,143,64,2,64,6.13,1.2026966416829673e-05,43.3,32.6,21.3,5.34
Pi5,Gemma-3-1B,Q8_0,"Rewrite this poem to make it more vivid and interesting.
Once I had a house
where I made a thousand memories
It served me well
but now I'm gone",long,143,64,3,64,6.13,1.1987358655086923e-05,43.2,32.7,21.8,5.36
Pi5,Gemma-3-1B,Q8_0,"Categorize the following text into one of the genres: Comedy, Thriller, Romance, or Drama.
Two kids from very different backgrounds meet in summer camp and form an unlikely friendship.",long,184,64,1,34,3.54,7.698763016484324e-06,27.7,18.2,12.2,5.38
Pi5,Gemma-3-1B,Q8_0,"Categorize the following text into one of the genres: Comedy, Thriller, Romance, or Drama.
Two kids from very different backgrounds meet in summer camp and form an unlikely friendship.",long,184,64,2,34,3.53,7.684643503014971e-06,27.7,18.7,12.6,5.52
Pi5,Gemma-3-1B,Q8_0,"Categorize the following text into one of the genres: Comedy, Thriller, Romance, or Drama.
Two kids from very different backgrounds meet in summer camp and form an unlikely friendship.",long,184,64,3,34,3.53,7.69784610189456e-06,27.7,17.7,11.6,5.2
Pi5,Gemma-3-1B,Q8_0,"Label the following news article as either ""Political"" or ""Entertainment""
Ansel Elgort and Gabrielle Union have both been cast in a new romantic summer movie to be released in 2022.",long,181,64,1,64,6.27,1.2330272182408999e-05,44.4,33.2,22.1,5.43
Pi5,Gemma-3-1B,Q8_0,"Label the following news article as either ""Political"" or ""Entertainment""
Ansel Elgort and Gabrielle Union have both been cast in a new romantic summer movie to be released in 2022.",long,181,64,2,64,6.17,1.1995973596905833e-05,43.2,32.5,21.5,5.33
Pi5,Gemma-3-1B,Q8_0,"Label the following news article as either ""Political"" or ""Entertainment""
Ansel Elgort and Gabrielle Union have both been cast in a new romantic summer movie to be released in 2022.",long,181,64,3,64,6.18,1.2101031154845923e-05,43.6,32.5,21.8,5.33
Pi5,Gemma-3-1B,Q8_0,"Identify the sentence in the given paragraph that contains all the given words.
Words: happiness, life, strive 
Paragraph:
Living your best life means striving for happiness in all aspects of life. Happiness can be found in the small daily moments, but also through being content with what you have. You don’t need to struggle to be content. You just need to shift how you look at life in order to see the beauty that already exists.",long,433,64,1,64,6.6,1.3707665573283234e-05,49.3,36.2,24.4,5.51
Pi5,Gemma-3-1B,Q8_0,"Identify the sentence in the given paragraph that contains all the given words.
Words: happiness, life, strive 
Paragraph:
Living your best life means striving for happiness in all aspects of life. Happiness can be found in the small daily moments, but also through being content with what you have. You don’t need to struggle to be content. You just need to shift how you look at life in order to see the beauty that already exists.",long,433,64,2,64,6.59,1.3258871057248697e-05,47.7,34.6,22.9,5.28
Pi5,Gemma-3-1B,Q8_0,"Identify the sentence in the given paragraph that contains all the given words.
Words: happiness, life, strive 
Paragraph:
Living your best life means striving for happiness in all aspects of life. Happiness can be found in the small daily moments, but also through being content with what you have. You don’t need to struggle to be content. You just need to shift how you look at life in order to see the beauty that already exists.",long,433,64,3,64,6.56,1.3304204515176733e-05,47.9,34.7,23.4,5.47
Pi5,Gemma-3-1B,Q8_0,"Frame a one-sentence hypothesis given the following information.
The goal of the study is to analyze the impact of online learning platforms on student performance.",long,164,64,1,64,6.08,1.188260627649681e-05,42.8,31.3,20.7,5.32
Pi5,Gemma-3-1B,Q8_0,"Frame a one-sentence hypothesis given the following information.
The goal of the study is to analyze the impact of online learning platforms on student performance.",long,164,64,2,64,6.08,1.1913873354402784e-05,42.9,31.4,20.8,5.35
Pi5,Gemma-3-1B,Q8_0,"Frame a one-sentence hypothesis given the following information.
The goal of the study is to analyze the impact of online learning platforms on student performance.",long,164,64,3,64,6.13,1.203934787507667e-05,43.3,32.3,21.5,5.41
Pi5,Gemma-3-1B,Q8_0,"Identify if the given sentence is a rhetorical question or not. Output 1 for rhetorical question, and 0 for not.
Are you out of your mind?",long,138,64,1,64,6.1,1.1937248817739302e-05,43.0,31.5,20.7,5.27
Pi5,Gemma-3-1B,Q8_0,"Identify if the given sentence is a rhetorical question or not. Output 1 for rhetorical question, and 0 for not.
Are you out of your mind?",long,138,64,2,64,6.1,1.1935646270167181e-05,43.0,31.5,20.9,5.35
Pi5,Gemma-3-1B,Q8_0,"Identify if the given sentence is a rhetorical question or not. Output 1 for rhetorical question, and 0 for not.
Are you out of your mind?",long,138,64,3,64,6.08,1.1897257574421193e-05,42.8,31.6,21.1,5.38
Pi5,Gemma-3-1B,Q8_0,"Create a short news article summarizing the following information.
A new report from the World Health Organization suggests that mental health in adolescents is declining due to increased social media and technology use.",long,220,64,1,64,6.11,1.1941063297847015e-05,43.0,31.1,20.4,5.29
Pi5,Gemma-3-1B,Q8_0,"Create a short news article summarizing the following information.
A new report from the World Health Organization suggests that mental health in adolescents is declining due to increased social media and technology use.",long,220,64,2,64,6.13,1.2068771174532e-05,43.4,32.4,21.5,5.3
Pi5,Gemma-3-1B,Q8_0,"Create a short news article summarizing the following information.
A new report from the World Health Organization suggests that mental health in adolescents is declining due to increased social media and technology use.",long,220,64,3,64,6.13,1.2091899179065082e-05,43.5,32.9,21.8,5.38
Pi5,Gemma-3-1B,Q8_0,Does cognitive empathy exist?,court,29,256,1,256,23.23,4.299740052932158e-05,154.8,122.3,80.8,5.29
Pi5,Gemma-3-1B,Q8_0,Does cognitive empathy exist?,court,29,256,2,256,23.21,4.265674592601479e-05,153.6,123.0,81.1,5.31
Pi5,Gemma-3-1B,Q8_0,Does cognitive empathy exist?,court,29,256,3,256,23.21,4.283712282188127e-05,154.2,124.1,82.1,5.36
Pi5,Gemma-3-1B,Q8_0,Generate a movie review,court,23,256,1,256,23.2,4.2780091889766636e-05,154.0,124.0,82.4,5.38
Pi5,Gemma-3-1B,Q8_0,Generate a movie review,court,23,256,2,256,23.34,4.4527283036585125e-05,160.3,122.9,81.2,5.31
Pi5,Gemma-3-1B,Q8_0,Generate a movie review,court,23,256,3,256,23.23,4.298471899044677e-05,154.7,121.7,80.5,5.28
Pi5,Gemma-3-1B,Q8_0,Identify popular dishes in Mexico.,court,34,256,1,256,23.26,4.318150798664094e-05,155.5,124.3,82.5,5.37
Pi5,Gemma-3-1B,Q8_0,Identify popular dishes in Mexico.,court,34,256,2,256,23.23,4.296974011838001e-05,154.7,124.0,82.0,5.36
Pi5,Gemma-3-1B,Q8_0,Identify popular dishes in Mexico.,court,34,256,3,256,23.25,4.3221425924193435e-05,155.6,123.1,81.7,5.34
Pi5,Gemma-3-1B,Q8_0,What is unique about a hyperbole?,court,33,256,1,179,16.35,3.079046647142897e-05,110.8,85.0,55.7,5.23
Pi5,Gemma-3-1B,Q8_0,What is unique about a hyperbole?,court,33,256,2,179,16.36,3.083803076886411e-05,111.0,84.9,55.7,5.26
Pi5,Gemma-3-1B,Q8_0,What is unique about a hyperbole?,court,33,256,3,179,16.48,3.107754851992632e-05,111.9,87.3,57.8,5.33
Pi5,Gemma-3-1B,Q8_0,Write an emergency response plan,court,32,256,1,256,23.3,4.313435045734844e-05,155.3,122.2,80.2,5.26
Pi5,Gemma-3-1B,Q8_0,Write an emergency response plan,court,32,256,2,256,23.34,4.312270370856686e-05,155.2,122.6,80.9,5.3
Pi5,Gemma-3-1B,Q8_0,Write an emergency response plan,court,32,256,3,256,23.43,4.4351592805494643e-05,159.7,123.2,81.0,5.27
Pi5,Gemma-3-1B,Q8_0,Generate a quiz about physics.,court,30,256,1,256,23.22,4.3005044535873727e-05,154.8,122.5,81.6,5.32
Pi5,Gemma-3-1B,Q8_0,Generate a quiz about physics.,court,30,256,2,256,23.25,4.284282301325637e-05,154.2,122.0,80.3,5.28
Pi5,Gemma-3-1B,Q8_0,Generate a quiz about physics.,court,30,256,3,256,23.24,4.312466789562501e-05,155.2,123.1,81.3,5.32
Pi5,Gemma-3-1B,Q8_0,Develop a metaphor for hope.,court,28,256,1,256,23.31,4.3133362110620394e-05,155.3,122.2,80.3,5.25
Pi5,Gemma-3-1B,Q8_0,Develop a metaphor for hope.,court,28,256,2,256,23.36,4.389368345501896e-05,158.0,122.5,80.5,5.29
Pi5,Gemma-3-1B,Q8_0,Develop a metaphor for hope.,court,28,256,3,256,23.24,4.2978184813091725e-05,154.7,123.5,81.9,5.32
Pi5,Gemma-3-1B,Q8_0,"Summarize the poem ""Beat! Beat! Drums!""",court,39,256,1,256,23.21,4.280359785637805e-05,154.1,121.2,80.1,5.26
Pi5,Gemma-3-1B,Q8_0,"Summarize the poem ""Beat! Beat! Drums!""",court,39,256,2,256,23.21,4.268746378171744e-05,153.7,122.3,80.8,5.29
Pi5,Gemma-3-1B,Q8_0,"Summarize the poem ""Beat! Beat! Drums!""",court,39,256,3,256,23.23,4.280464334573224e-05,154.1,121.0,79.9,5.26
Pi5,Gemma-3-1B,Q8_0,Describe the primary colors.,court,28,256,1,256,23.32,4.313555700709127e-05,155.3,122.9,81.3,5.31
Pi5,Gemma-3-1B,Q8_0,Describe the primary colors.,court,28,256,2,256,23.19,4.2796905659174826e-05,154.1,120.7,78.8,5.21
Pi5,Gemma-3-1B,Q8_0,Describe the primary colors.,court,28,256,3,256,23.35,4.368963610337921e-05,157.3,124.5,82.1,5.35
Pi5,Gemma-3-1B,Q8_0,Name two first aid treatments for a cut.,court,40,256,1,165,15.07,4.949740604751755e-05,178.2,79.7,52.3,5.31
Pi5,Gemma-3-1B,Q8_0,Name two first aid treatments for a cut.,court,40,256,2,165,15.12,4.9541765002091194e-05,178.4,80.2,53.1,5.34
Pi5,Gemma-3-1B,Q8_0,Name two first aid treatments for a cut.,court,40,256,3,165,15.07,4.9442035716910005e-05,178.0,80.2,52.8,5.38
Pi5,Gemma-3-1B,Q8_0,Write one sentence about handwashing.,court,37,256,1,79,7.44,1.6139990596459518e-05,58.1,38.3,25.3,5.3
Pi5,Gemma-3-1B,Q8_0,Write one sentence about handwashing.,court,37,256,2,79,7.3,1.4289107741013138e-05,51.4,37.5,24.6,5.18
Pi5,Gemma-3-1B,Q8_0,Write one sentence about handwashing.,court,37,256,3,79,7.27,1.4122783406393235e-05,50.8,37.7,24.7,5.21
Pi5,Gemma-3-1B,Q8_0,Who is Samantha Andrews?,court,24,256,1,256,23.21,4.275110168471115e-05,153.9,122.4,80.7,5.29
Pi5,Gemma-3-1B,Q8_0,Who is Samantha Andrews?,court,24,256,2,256,23.21,4.272450252328352e-05,153.8,122.4,80.7,5.31
Pi5,Gemma-3-1B,Q8_0,Who is Samantha Andrews?,court,24,256,3,256,23.21,4.276969538067424e-05,154.0,122.2,80.8,5.29
Pi5,Gemma-3-1B,Q8_0,What year did WW2 start?,court,24,256,1,256,23.21,4.2807975229525606e-05,154.1,123.3,81.7,5.35
Pi5,Gemma-3-1B,Q8_0,What year did WW2 start?,court,24,256,2,256,23.17,4.270247488254426e-05,153.7,122.1,80.8,5.3
Pi5,Gemma-3-1B,Q8_0,What year did WW2 start?,court,24,256,3,256,23.2,4.287393102732071e-05,154.3,122.1,80.4,5.3
Pi5,Gemma-3-1B,Q8_0,Give 10 features of the sun.,court,28,256,1,249,22.69,4.216991560978249e-05,151.8,119.6,79.0,5.29
Pi5,Gemma-3-1B,Q8_0,Give 10 features of the sun.,court,28,256,2,249,22.68,4.2431768775197474e-05,152.8,119.7,79.0,5.33
Pi5,Gemma-3-1B,Q8_0,Give 10 features of the sun.,court,28,256,3,249,23.03,4.3335865711538695e-05,156.0,121.4,80.5,5.32
Pi5,Gemma-3-1B,Q8_0,Write a mock newspaper headline.,court,32,256,1,99,9.59,2.0321538658790848e-05,73.2,50.0,33.1,5.27
Pi5,Gemma-3-1B,Q8_0,Write a mock newspaper headline.,court,32,256,2,99,9.14,1.758833364060935e-05,63.3,48.4,32.2,5.31
Pi5,Gemma-3-1B,Q8_0,Write a mock newspaper headline.,court,32,256,3,99,9.11,1.7486840762704752e-05,63.0,48.1,31.8,5.32
Pi5,Gemma-3-1B,Q8_0,Create a data visualization of the latest COVID-19 cases in the US.,moyen,67,256,1,256,23.36,4.3247461917755566e-05,155.7,124.7,82.5,5.34
Pi5,Gemma-3-1B,Q8_0,Create a data visualization of the latest COVID-19 cases in the US.,moyen,67,256,2,256,23.31,4.320156570576757e-05,155.5,124.1,81.8,5.33
Pi5,Gemma-3-1B,Q8_0,Create a data visualization of the latest COVID-19 cases in the US.,moyen,67,256,3,256,23.41,4.413663689298462e-05,158.9,125.4,83.0,5.36
Pi5,Gemma-3-1B,Q8_0,"Calculate the price after discount.
Regular price: $100, Discount: 15%",moyen,70,256,1,184,16.89,3.1750427549691004e-05,114.3,90.5,60.2,5.38
Pi5,Gemma-3-1B,Q8_0,"Calculate the price after discount.
Regular price: $100, Discount: 15%",moyen,70,256,2,184,17.76,3.570402727391663e-05,128.5,95.2,63.5,5.39
Pi5,Gemma-3-1B,Q8_0,"Calculate the price after discount.
Regular price: $100, Discount: 15%",moyen,70,256,3,184,16.9,3.176570776200663e-05,114.4,89.5,59.3,5.32
Pi5,Gemma-3-1B,Q8_0,"Parse the given sentence grammatically.
The small jar sat on the shelf.",moyen,71,256,1,256,23.28,4.3109162457767044e-05,155.2,123.3,81.6,5.34
Pi5,Gemma-3-1B,Q8_0,"Parse the given sentence grammatically.
The small jar sat on the shelf.",moyen,71,256,2,256,23.28,4.300341947078357e-05,154.8,122.7,80.9,5.3
Pi5,Gemma-3-1B,Q8_0,"Parse the given sentence grammatically.
The small jar sat on the shelf.",moyen,71,256,3,256,23.4,4.4142770538239536e-05,158.9,123.8,82.0,5.33
Pi5,Gemma-3-1B,Q8_0,"Rewrite the given program in Java.
a = 4
b = 5
c = a + b
print(c)",moyen,65,256,1,256,23.46,4.368495256390034e-05,157.3,124.6,82.6,5.33
Pi5,Gemma-3-1B,Q8_0,"Rewrite the given program in Java.
a = 4
b = 5
c = a + b
print(c)",moyen,65,256,2,256,23.38,4.329315210380303e-05,155.9,123.6,81.8,5.32
Pi5,Gemma-3-1B,Q8_0,"Rewrite the given program in Java.
a = 4
b = 5
c = a + b
print(c)",moyen,65,256,3,256,23.4,4.357827665760765e-05,156.9,125.4,83.3,5.39
Pi5,Gemma-3-1B,Q8_0,"Based on the input, provide the correct spelling of the word.
ambigious",moyen,71,256,1,21,2.14,4.618185549802885e-06,16.6,11.1,7.4,5.44
Pi5,Gemma-3-1B,Q8_0,"Based on the input, provide the correct spelling of the word.
ambigious",moyen,71,256,2,21,2.26,4.80954881040823e-06,17.3,10.5,6.7,4.93
Pi5,Gemma-3-1B,Q8_0,"Based on the input, provide the correct spelling of the word.
ambigious",moyen,71,256,3,21,2.17,4.682168436736318e-06,16.9,10.5,6.8,5.14
Pi5,Gemma-3-1B,Q8_0,Construct a query that returns information about the Eiffel Tower.,moyen,66,256,1,234,21.47,4.004211313367701e-05,144.2,113.1,74.3,5.27
Pi5,Gemma-3-1B,Q8_0,Construct a query that returns information about the Eiffel Tower.,moyen,66,256,2,234,21.34,3.9517638144221135e-05,142.3,111.9,73.4,5.25
Pi5,Gemma-3-1B,Q8_0,Construct a query that returns information about the Eiffel Tower.,moyen,66,256,3,234,21.32,3.949123848251626e-05,142.2,114.0,75.2,5.37
Pi5,Gemma-3-1B,Q8_0,"Create a set from the given input and find its size.
[1, 2, 3, 2, 4, 2]",moyen,71,256,1,256,23.43,4.33993255696673e-05,156.2,123.9,81.7,5.3
Pi5,Gemma-3-1B,Q8_0,"Create a set from the given input and find its size.
[1, 2, 3, 2, 4, 2]",moyen,71,256,2,256,23.4,4.3422895556264914e-05,156.3,126.3,84.2,5.41
Pi5,Gemma-3-1B,Q8_0,"Create a set from the given input and find its size.
[1, 2, 3, 2, 4, 2]",moyen,71,256,3,256,23.54,4.50052187983301e-05,162.0,123.3,81.0,5.25
Pi5,Gemma-3-1B,Q8_0,"What are the different types of characters in the given play?
Macbeth",moyen,69,256,1,256,23.27,4.291105565219084e-05,154.5,122.9,81.0,5.29
Pi5,Gemma-3-1B,Q8_0,"What are the different types of characters in the given play?
Macbeth",moyen,69,256,2,256,23.28,4.304768629030351e-05,155.0,123.9,81.8,5.33
Pi5,Gemma-3-1B,Q8_0,"What are the different types of characters in the given play?
Macbeth",moyen,69,256,3,256,23.25,4.31653643949826e-05,155.4,123.5,81.9,5.36
Pi5,Gemma-3-1B,Q8_0,"Find the x-intercept of the line given by the equation.
y = 4x + 10",moyen,67,256,1,256,23.39,4.32782532685862e-05,155.8,124.8,82.7,5.34
Pi5,Gemma-3-1B,Q8_0,"Find the x-intercept of the line given by the equation.
y = 4x + 10",moyen,67,256,2,256,23.37,4.324515879925825e-05,155.7,123.3,81.2,5.28
Pi5,Gemma-3-1B,Q8_0,"Find the x-intercept of the line given by the equation.
y = 4x + 10",moyen,67,256,3,256,23.32,4.316439871661068e-05,155.4,122.9,81.3,5.31
Pi5,Gemma-3-1B,Q8_0,"Identify the most suitable adverb for the following sentence
She works",moyen,70,256,1,192,17.52,3.284741851015086e-05,118.3,93.3,61.9,5.37
Pi5,Gemma-3-1B,Q8_0,"Identify the most suitable adverb for the following sentence
She works",moyen,70,256,2,192,17.53,3.290313815886951e-05,118.5,92.8,61.2,5.3
Pi5,Gemma-3-1B,Q8_0,"Identify the most suitable adverb for the following sentence
She works",moyen,70,256,3,192,17.59,3.345109539179246e-05,120.4,92.1,61.0,5.3
Pi5,Gemma-3-1B,Q8_0,"Generate a sentence using the words ""caffeine"", ""hunter"", and ""monday"".",moyen,71,256,1,38,3.71,8.028361775508902e-06,28.9,18.9,12.4,5.22
Pi5,Gemma-3-1B,Q8_0,"Generate a sentence using the words ""caffeine"", ""hunter"", and ""monday"".",moyen,71,256,2,38,3.7,8.00144754645494e-06,28.8,19.6,13.1,5.42
Pi5,Gemma-3-1B,Q8_0,"Generate a sentence using the words ""caffeine"", ""hunter"", and ""monday"".",moyen,71,256,3,38,3.69,7.963875188731124e-06,28.7,19.8,13.2,5.45
Pi5,Gemma-3-1B,Q8_0,"Sort the given words from most to least serious
Sneeze, trip, shout",moyen,67,256,1,256,23.31,4.2925344742698554e-05,154.5,123.3,81.4,5.31
Pi5,Gemma-3-1B,Q8_0,"Sort the given words from most to least serious
Sneeze, trip, shout",moyen,67,256,2,256,23.31,4.289227210189495e-05,154.4,124.1,82.5,5.36
Pi5,Gemma-3-1B,Q8_0,"Sort the given words from most to least serious
Sneeze, trip, shout",moyen,67,256,3,256,23.32,4.304099759387624e-05,154.9,125.4,82.7,5.39
Pi5,Gemma-3-1B,Q8_0,Come up with at least 5 ways to use deep learning in healthcare.,moyen,64,256,1,256,23.31,4.311234035088049e-05,155.2,122.7,80.8,5.3
Pi5,Gemma-3-1B,Q8_0,Come up with at least 5 ways to use deep learning in healthcare.,moyen,64,256,2,256,23.45,4.458625303806514e-05,160.5,121.6,79.8,5.22
Pi5,Gemma-3-1B,Q8_0,Come up with at least 5 ways to use deep learning in healthcare.,moyen,64,256,3,256,23.57,4.473221490628288e-05,161.0,125.8,83.6,5.38
Pi5,Gemma-3-1B,Q8_0,Describe the concept of artificial intelligence in your own words.,moyen,66,256,1,246,22.42,4.145640807947959e-05,149.2,117.2,77.4,5.27
Pi5,Gemma-3-1B,Q8_0,Describe the concept of artificial intelligence in your own words.,moyen,66,256,2,246,22.44,4.176612141776227e-05,150.4,118.9,78.2,5.32
Pi5,Gemma-3-1B,Q8_0,Describe the concept of artificial intelligence in your own words.,moyen,66,256,3,246,22.41,4.164183812237671e-05,149.9,118.0,77.7,5.31
Pi5,Gemma-3-1B,Q8_0,Follow the given example and create a poem about a passionate sunset.,moyen,69,256,1,256,23.39,4.3166199180494634e-05,155.4,125.2,82.9,5.38
Pi5,Gemma-3-1B,Q8_0,Follow the given example and create a poem about a passionate sunset.,moyen,69,256,2,256,23.27,4.2829834499664404e-05,154.2,122.2,80.8,5.3
Pi5,Gemma-3-1B,Q8_0,Follow the given example and create a poem about a passionate sunset.,moyen,69,256,3,256,23.29,4.3028575173820114e-05,154.9,123.2,81.5,5.32
Pi5,Gemma-3-1B,Q8_0,"Create three subheadings that could be used to divide the news article.
Tesla announced plans to develop a new battery technology that will increase the range of electric vehicles.",long,180,256,1,172,15.93,3.0423806871937035e-05,109.5,84.6,55.9,5.35
Pi5,Gemma-3-1B,Q8_0,"Create three subheadings that could be used to divide the news article.
Tesla announced plans to develop a new battery technology that will increase the range of electric vehicles.",long,180,256,2,172,15.91,3.0005348612952275e-05,108.0,84.7,56.2,5.35
Pi5,Gemma-3-1B,Q8_0,"Create three subheadings that could be used to divide the news article.
Tesla announced plans to develop a new battery technology that will increase the range of electric vehicles.",long,180,256,3,172,15.95,3.0177323683320956e-05,108.6,84.3,55.9,5.33
Pi5,Gemma-3-1B,Q8_0,"Given a string word and a dictionary of words, determine whether the word is a valid word.
String word: ""hello""
Dictionary of words: { ""hi"", ""bye"", ""hello"", ""world"" }",long,166,256,1,256,23.76,4.513161082111045e-05,162.5,126.5,84.0,5.33
Pi5,Gemma-3-1B,Q8_0,"Given a string word and a dictionary of words, determine whether the word is a valid word.
String word: ""hello""
Dictionary of words: { ""hi"", ""bye"", ""hello"", ""world"" }",long,166,256,2,256,23.54,4.37960492741717e-05,157.7,124.5,82.4,5.3
Pi5,Gemma-3-1B,Q8_0,"Given a string word and a dictionary of words, determine whether the word is a valid word.
String word: ""hello""
Dictionary of words: { ""hi"", ""bye"", ""hello"", ""world"" }",long,166,256,3,256,23.63,4.387919516296959e-05,158.0,127.5,84.7,5.42
Pi5,Gemma-3-1B,Q8_0,"Given the following conditions, formulate a hypothesis.
Temperature, humidity, and precipitation levels are higher during the summer than the winter.",long,149,256,1,151,13.98,2.6884516730450416e-05,96.8,74.2,49.2,5.35
Pi5,Gemma-3-1B,Q8_0,"Given the following conditions, formulate a hypothesis.
Temperature, humidity, and precipitation levels are higher during the summer than the winter.",long,149,256,2,151,13.98,2.7029225648628866e-05,97.3,74.0,49.1,5.37
Pi5,Gemma-3-1B,Q8_0,"Given the following conditions, formulate a hypothesis.
Temperature, humidity, and precipitation levels are higher during the summer than the winter.",long,149,256,3,151,13.98,2.6951396799720943e-05,97.0,73.9,49.1,5.32
Pi5,Gemma-3-1B,Q8_0,"Make an assumption based on the following data.
90% of surveyed software developers work more than 8 hours a day, while only 10% work less than 8 hours a day",long,157,256,1,86,8.33,1.6925366779678723e-05,60.9,43.2,28.7,5.32
Pi5,Gemma-3-1B,Q8_0,"Make an assumption based on the following data.
90% of surveyed software developers work more than 8 hours a day, while only 10% work less than 8 hours a day",long,157,256,2,86,8.21,1.5790878794931752e-05,56.8,43.1,28.5,5.38
Pi5,Gemma-3-1B,Q8_0,"Make an assumption based on the following data.
90% of surveyed software developers work more than 8 hours a day, while only 10% work less than 8 hours a day",long,157,256,3,86,8.22,1.607266001160987e-05,57.9,43.4,29.0,5.34
Pi5,Gemma-3-1B,Q8_0,"Given the following details, write a short paragraph about a vacation destination.
Destination: Mexico 
Time of Year: Summer 
Activities: Swimming, fishing, snorkeling, zip-lining",long,179,256,1,256,23.52,4.3865115079859576e-05,157.9,125.6,83.4,5.34
Pi5,Gemma-3-1B,Q8_0,"Given the following details, write a short paragraph about a vacation destination.
Destination: Mexico 
Time of Year: Summer 
Activities: Swimming, fishing, snorkeling, zip-lining",long,179,256,2,256,23.54,4.3945080327355296e-05,158.2,126.7,84.3,5.39
Pi5,Gemma-3-1B,Q8_0,"Given the following details, write a short paragraph about a vacation destination.
Destination: Mexico 
Time of Year: Summer 
Activities: Swimming, fishing, snorkeling, zip-lining",long,179,256,3,256,23.51,4.3861646642807435e-05,157.9,126.1,84.1,5.39
Pi5,Gemma-3-1B,Q8_0,"Generate a random password with 8 characters containing at least one number, one special character, one capital letter and one lowercase letter.",long,144,256,1,256,23.42,4.3498995913168444e-05,156.6,126.4,84.0,5.41
Pi5,Gemma-3-1B,Q8_0,"Generate a random password with 8 characters containing at least one number, one special character, one capital letter and one lowercase letter.",long,144,256,2,256,23.43,4.356296750660715e-05,156.8,122.7,80.8,5.27
Pi5,Gemma-3-1B,Q8_0,"Generate a random password with 8 characters containing at least one number, one special character, one capital letter and one lowercase letter.",long,144,256,3,256,23.39,4.32912202817325e-05,155.8,124.2,82.4,5.34
Pi5,Gemma-3-1B,Q8_0,"Edit the following to make it suitable for school-aged children.
Bob and Bill were arguing over who was the best player on the basketball team.",long,143,256,1,256,23.44,4.337086517701898e-05,156.1,121.2,79.4,5.21
Pi5,Gemma-3-1B,Q8_0,"Edit the following to make it suitable for school-aged children.
Bob and Bill were arguing over who was the best player on the basketball team.",long,143,256,2,256,23.44,4.330352824431274e-05,155.9,123.0,81.1,5.28
Pi5,Gemma-3-1B,Q8_0,"Edit the following to make it suitable for school-aged children.
Bob and Bill were arguing over who was the best player on the basketball team.",long,143,256,3,256,23.58,4.527277717384643e-05,163.0,123.4,81.3,5.25
Pi5,Gemma-3-1B,Q8_0,"Given a description of a situation, provide an appropriate ethical judgement.
A chef was not happy with the performance of a waiter, so he yelled and cursed at him in front of other people.",long,189,256,1,188,17.38,3.240700878556621e-05,116.7,91.4,60.3,5.32
Pi5,Gemma-3-1B,Q8_0,"Given a description of a situation, provide an appropriate ethical judgement.
A chef was not happy with the performance of a waiter, so he yelled and cursed at him in front of other people.",long,189,256,2,188,17.38,3.23683686004555e-05,116.5,92.6,61.6,5.36
Pi5,Gemma-3-1B,Q8_0,"Given a description of a situation, provide an appropriate ethical judgement.
A chef was not happy with the performance of a waiter, so he yelled and cursed at him in front of other people.",long,189,256,3,188,17.4,3.252442651387485e-05,117.1,93.3,61.9,5.37
Pi5,Gemma-3-1B,Q8_0,"Rewrite this poem to make it more vivid and interesting.
Once I had a house
where I made a thousand memories
It served me well
but now I'm gone",long,143,256,1,256,23.45,4.3459751611295194e-05,156.5,124.3,82.7,5.35
Pi5,Gemma-3-1B,Q8_0,"Rewrite this poem to make it more vivid and interesting.
Once I had a house
where I made a thousand memories
It served me well
but now I'm gone",long,143,256,2,256,23.48,4.366406425505222e-05,157.2,126.1,83.7,5.42
Pi5,Gemma-3-1B,Q8_0,"Rewrite this poem to make it more vivid and interesting.
Once I had a house
where I made a thousand memories
It served me well
but now I'm gone",long,143,256,3,256,23.62,4.586135470009168e-05,165.1,123.7,81.5,5.24
Pi5,Gemma-3-1B,Q8_0,"Categorize the following text into one of the genres: Comedy, Thriller, Romance, or Drama.
Two kids from very different backgrounds meet in summer camp and form an unlikely friendship.",long,184,256,1,34,3.54,7.724684764766084e-06,27.8,18.0,11.7,5.23
Pi5,Gemma-3-1B,Q8_0,"Categorize the following text into one of the genres: Comedy, Thriller, Romance, or Drama.
Two kids from very different backgrounds meet in summer camp and form an unlikely friendship.",long,184,256,2,34,3.54,7.713622887347144e-06,27.8,18.8,12.6,5.53
Pi5,Gemma-3-1B,Q8_0,"Categorize the following text into one of the genres: Comedy, Thriller, Romance, or Drama.
Two kids from very different backgrounds meet in summer camp and form an unlikely friendship.",long,184,256,3,34,3.59,8.055035392197968e-06,29.0,18.1,12.0,5.3
Pi5,Gemma-3-1B,Q8_0,"Label the following news article as either ""Political"" or ""Entertainment""
Ansel Elgort and Gabrielle Union have both been cast in a new romantic summer movie to be released in 2022.",long,181,256,1,256,23.53,4.378971413748364e-05,157.6,123.9,81.9,5.3
Pi5,Gemma-3-1B,Q8_0,"Label the following news article as either ""Political"" or ""Entertainment""
Ansel Elgort and Gabrielle Union have both been cast in a new romantic summer movie to be released in 2022.",long,181,256,2,256,23.51,4.3946648206711576e-05,158.2,124.3,82.2,5.32
Pi5,Gemma-3-1B,Q8_0,"Label the following news article as either ""Political"" or ""Entertainment""
Ansel Elgort and Gabrielle Union have both been cast in a new romantic summer movie to be released in 2022.",long,181,256,3,256,23.52,4.386208516233375e-05,157.9,126.0,83.8,5.39
Pi5,Gemma-3-1B,Q8_0,"Identify the sentence in the given paragraph that contains all the given words.
Words: happiness, life, strive 
Paragraph:
Living your best life means striving for happiness in all aspects of life. Happiness can be found in the small daily moments, but also through being content with what you have. You don’t need to struggle to be content. You just need to shift how you look at life in order to see the beauty that already exists.",long,433,256,1,186,17.89,3.4124136974252355e-05,122.8,97.1,64.8,5.45
Pi5,Gemma-3-1B,Q8_0,"Identify the sentence in the given paragraph that contains all the given words.
Words: happiness, life, strive 
Paragraph:
Living your best life means striving for happiness in all aspects of life. Happiness can be found in the small daily moments, but also through being content with what you have. You don’t need to struggle to be content. You just need to shift how you look at life in order to see the beauty that already exists.",long,433,256,2,186,17.73,3.3198844885073995e-05,119.5,94.8,63.1,5.35
Pi5,Gemma-3-1B,Q8_0,"Identify the sentence in the given paragraph that contains all the given words.
Words: happiness, life, strive 
Paragraph:
Living your best life means striving for happiness in all aspects of life. Happiness can be found in the small daily moments, but also through being content with what you have. You don’t need to struggle to be content. You just need to shift how you look at life in order to see the beauty that already exists.",long,433,256,3,186,17.7,3.319065222158789e-05,119.5,96.1,64.5,5.45
Pi5,Gemma-3-1B,Q8_0,"Frame a one-sentence hypothesis given the following information.
The goal of the study is to analyze the impact of online learning platforms on student performance.",long,164,256,1,126,11.79,2.3056711221254393e-05,83.0,62.3,41.0,5.36
Pi5,Gemma-3-1B,Q8_0,"Frame a one-sentence hypothesis given the following information.
The goal of the study is to analyze the impact of online learning platforms on student performance.",long,164,256,2,126,11.76,2.2895810551625727e-05,82.4,62.6,41.7,5.38
Pi5,Gemma-3-1B,Q8_0,"Frame a one-sentence hypothesis given the following information.
The goal of the study is to analyze the impact of online learning platforms on student performance.",long,164,256,3,126,11.77,2.293506035399153e-05,82.6,63.0,41.9,5.36
Pi5,Gemma-3-1B,Q8_0,"Identify if the given sentence is a rhetorical question or not. Output 1 for rhetorical question, and 0 for not.
Are you out of your mind?",long,138,256,1,256,23.46,4.3653877071563255e-05,157.2,124.5,82.6,5.34
Pi5,Gemma-3-1B,Q8_0,"Identify if the given sentence is a rhetorical question or not. Output 1 for rhetorical question, and 0 for not.
Are you out of your mind?",long,138,256,2,256,23.73,4.4680195721769845e-05,160.8,128.0,85.4,5.4
Pi5,Gemma-3-1B,Q8_0,"Identify if the given sentence is a rhetorical question or not. Output 1 for rhetorical question, and 0 for not.
Are you out of your mind?",long,138,256,3,256,23.46,4.352407723502668e-05,156.7,124.6,82.6,5.33
Pi5,Gemma-3-1B,Q8_0,"Create a short news article summarizing the following information.
A new report from the World Health Organization suggests that mental health in adolescents is declining due to increased social media and technology use.",long,220,256,1,243,22.6,4.230616802136654e-05,152.3,119.6,79.0,5.35
Pi5,Gemma-3-1B,Q8_0,"Create a short news article summarizing the following information.
A new report from the World Health Organization suggests that mental health in adolescents is declining due to increased social media and technology use.",long,220,256,2,243,22.59,4.2252806248552636e-05,152.1,120.8,80.3,5.38
Pi5,Gemma-3-1B,Q8_0,"Create a short news article summarizing the following information.
A new report from the World Health Organization suggests that mental health in adolescents is declining due to increased social media and technology use.",long,220,256,3,243,22.37,4.144281248508381e-05,149.2,118.6,78.7,5.34
